"Tabela 1612 - Área plantada, área colhida, quantidade produzida, rendimento médio e valor da produção das lavouras temporárias",,,,,,,,,,,,,,,,,,,,,,,,,,,,,,,,,,,,,,,,,,
Variável - Quantidade produzida (Toneladas),,,,,,,,,,,,,,,,,,,,,,,,,,,,,,,,,,,,,,,,,,
"Brasil, Grande Região, Unidade da Federação e Microrregião Geográfica",Ano x Produto das lavouras temporárias,,,,,,,,,,,,,,,,,,,,,,,,,,,,,,,,,,,,,,,,,
,2000,,2001,,2002,,2003,,2004,,2005,,2006,,2007,,2008,,2009,,2010,,2011,,2012,,2013,,2014,,2015,,2016,,2017,,2018,,2019,,2020,
,Total,Batata-doce,Total,Batata-doce,Total,Batata-doce,Total,Batata-doce,Total,Batata-doce,Total,Batata-doce,Total,Batata-doce,Total,Batata-doce,Total,Batata-doce,Total,Batata-doce,Total,Batata-doce,Total,Batata-doce,Total,Batata-doce,Total,Batata-doce,Total,Batata-doce,Total,Batata-doce,Total,Batata-doce,Total,Batata-doce,Total,Batata-doce,Total,Batata-doce,Total,Batata-doce
Brasil,..,484443,..,484719,..,498046,..,533165,..,538503,..,513646,..,518541,..,529531,..,548438,..,477472,..,495182,..,544820,..,479425,..,505350,..,525814,..,595977,..,672866,..,780461,..,741000,..,803626,..,847896
Norte,..,1627,..,1398,..,1366,..,808,..,750,..,919,..,866,..,1106,..,847,..,969,..,8937,..,9935,..,6479,..,6471,..,6100,..,6991,..,7967,..,8494,..,8080,..,10641,..,12415
Nordeste,..,151626,..,132872,..,158474,..,179191,..,189144,..,190384,..,181470,..,182043,..,203309,..,187611,..,179076,..,184633,..,139992,..,142053,..,150257,..,151704,..,166543,..,241639,..,252076,..,317815,..,345718
Sudeste,..,80401,..,90518,..,83107,..,80845,..,87721,..,85337,..,83800,..,83573,..,94861,..,83910,..,87901,..,107135,..,95469,..,119414,..,120306,..,170402,..,222180,..,223035,..,213372,..,213972,..,269949
Sul,..,246474,..,255573,..,251219,..,268952,..,257901,..,234464,..,250013,..,260008,..,247713,..,203525,..,216512,..,235853,..,229425,..,227354,..,233515,..,247608,..,256216,..,283385,..,251098,..,250600,..,210705
Centro-Oeste,..,4315,..,4358,..,3880,..,3369,..,2987,..,2542,..,2392,..,2801,..,1708,..,1457,..,2756,..,7264,..,8060,..,10058,..,15636,..,19272,..,19960,..,23908,..,16374,..,10598,..,9109
Rondônia,..,-,..,-,..,-,..,-,..,-,..,-,..,-,..,-,..,-,..,-,..,-,..,-,..,-,..,-,..,-,..,-,..,-,..,-,..,-,..,-,..,-
Acre,..,103,..,106,..,42,..,49,..,88,..,98,..,88,..,98,..,190,..,167,..,306,..,426,..,532,..,660,..,773,..,786,..,742,..,702,..,630,..,596,..,591
Amazonas,..,599,..,622,..,622,..,684,..,587,..,596,..,628,..,858,..,502,..,572,..,8406,..,9259,..,5697,..,5567,..,4433,..,5094,..,6083,..,5986,..,5839,..,4079,..,6471
Roraima,..,-,..,-,..,-,..,-,..,-,..,-,..,-,..,-,..,-,..,-,..,-,..,-,..,-,..,94,..,744,..,948,..,987,..,1651,..,1486,..,5840,..,5220
Pará,..,913,..,670,..,702,..,75,..,75,..,225,..,150,..,150,..,155,..,230,..,225,..,250,..,250,..,150,..,150,..,155,..,155,..,155,..,125,..,125,..,132
Amapá,..,12,..,-,..,-,..,-,..,-,..,-,..,-,..,-,..,-,..,-,..,-,..,-,..,-,..,-,..,-,..,-,..,-,..,-,..,-,..,-,..,-
Tocantins,..,-,..,-,..,-,..,-,..,-,..,-,..,-,..,-,..,-,..,-,..,-,..,-,..,-,..,-,..,-,..,8,..,-,..,-,..,-,..,1,..,1
Maranhão,..,40,..,25,..,28,..,29,..,30,..,86,..,25,..,22,..,19,..,17,..,56,..,13,..,14,..,17,..,14,..,-,..,168,..,46,..,18,..,11,..,9
Piauí,..,1068,..,821,..,840,..,803,..,816,..,530,..,507,..,462,..,510,..,551,..,570,..,536,..,335,..,331,..,285,..,281,..,189,..,138,..,232,..,228,..,191
Ceará,..,3758,..,4294,..,4701,..,5997,..,6673,..,9213,..,9306,..,10905,..,13081,..,14082,..,15277,..,19180,..,20007,..,20486,..,22232,..,16196,..,28605,..,43419,..,71916,..,90990,..,101187
Rio Grande do Norte,..,10118,..,15411,..,18933,..,25468,..,28227,..,19054,..,18753,..,16470,..,19216,..,17576,..,16946,..,20754,..,21082,..,16972,..,17279,..,25714,..,24511,..,52174,..,48186,..,49591,..,55352
Paraíba,..,53902,..,22531,..,37731,..,42862,..,59971,..,54541,..,51225,..,50811,..,56214,..,50049,..,42392,..,44640,..,20269,..,28410,..,28121,..,30192,..,28065,..,35800,..,38622,..,38782,..,41384
Pernambuco,..,20161,..,23262,..,25727,..,27600,..,23113,..,24312,..,19051,..,18020,..,27219,..,24950,..,24898,..,27268,..,14954,..,11239,..,13707,..,12844,..,14325,..,29262,..,23531,..,40499,..,40865
Alagoas,..,13162,..,15355,..,17989,..,19044,..,16217,..,18338,..,18509,..,18784,..,18898,..,18937,..,17144,..,16489,..,13729,..,10815,..,15933,..,16147,..,20498,..,30438,..,32560,..,38013,..,42027
Sergipe,..,30607,..,31513,..,33453,..,35797,..,34910,..,35269,..,34532,..,37010,..,42444,..,40032,..,37504,..,35522,..,40600,..,44397,..,40271,..,36868,..,35086,..,40865,..,29556,..,51551,..,56749
Bahia,..,18810,..,19660,..,19072,..,21591,..,19187,..,29041,..,29562,..,29559,..,25708,..,21417,..,24289,..,20231,..,9002,..,9386,..,12415,..,13462,..,15096,..,9497,..,7455,..,8150,..,7954
Minas Gerais,..,11676,..,13029,..,12148,..,10724,..,13424,..,14604,..,16064,..,15293,..,16672,..,18540,..,37632,..,46653,..,37582,..,30999,..,29718,..,42951,..,58930,..,47928,..,47492,..,58621,..,68142
Espírito Santo,..,4755,..,4475,..,1451,..,3316,..,3459,..,2946,..,4220,..,3936,..,3936,..,3936,..,3690,..,265,..,295,..,1595,..,2530,..,3583,..,3914,..,5564,..,5709,..,6741,..,8132
Rio de Janeiro,..,18056,..,15856,..,17456,..,16891,..,17906,..,19560,..,19144,..,19048,..,18918,..,16127,..,16094,..,16089,..,16143,..,15402,..,13070,..,10075,..,8450,..,8369,..,11086,..,7883,..,10916
Guanabara,..,...,..,...,..,...,..,...,..,...,..,...,..,...,..,...,..,...,..,...,..,...,..,...,..,...,..,...,..,...,..,...,..,...,..,...,..,...,..,...,..,...
São Paulo,..,45914,..,57158,..,52052,..,49914,..,52932,..,48227,..,44372,..,45296,..,55335,..,45307,..,30485,..,44128,..,41449,..,71418,..,74988,..,113793,..,150886,..,161174,..,149085,..,140727,..,182759
Paraná,..,66179,..,62448,..,66413,..,62977,..,68653,..,49107,..,49755,..,52027,..,40149,..,32393,..,32816,..,45102,..,47164,..,30835,..,41456,..,50567,..,56019,..,64318,..,61483,..,57812,..,57755
Santa Catarina,..,27506,..,34518,..,31175,..,42325,..,41818,..,42853,..,44931,..,48981,..,46419,..,13887,..,29625,..,30524,..,28491,..,30165,..,30757,..,30691,..,32343,..,32868,..,14555,..,17747,..,19345
Rio Grande do Sul,..,152789,..,158607,..,153631,..,163650,..,147430,..,142504,..,155327,..,159000,..,161145,..,157245,..,154071,..,160227,..,153770,..,166354,..,161302,..,166350,..,167854,..,186199,..,175060,..,175041,..,133605
Mato Grosso do Sul,..,160,..,486,..,405,..,366,..,510,..,198,..,90,..,196,..,-,..,-,..,-,..,-,..,-,..,-,..,-,..,-,..,3270,..,3123,..,3090,..,2465,..,1530
Mato Grosso,..,44,..,67,..,112,..,270,..,210,..,180,..,180,..,278,..,184,..,-,..,1480,..,6510,..,6434,..,8575,..,12994,..,11252,..,9250,..,10540,..,9034,..,3883,..,3329
Goiás,..,480,..,360,..,250,..,300,..,300,..,625,..,660,..,602,..,220,..,220,..,192,..,-,..,-,..,-,..,-,..,3600,..,3258,..,-,..,-,..,-,..,-
Distrito Federal,..,3631,..,3445,..,3113,..,2433,..,1967,..,1539,..,1462,..,1725,..,1304,..,1237,..,1084,..,754,..,1626,..,1483,..,2642,..,4420,..,4182,..,10245,..,4250,..,4250,..,4250
Porto Velho (RO),..,-,..,-,..,-,..,-,..,-,..,-,..,-,..,-,..,-,..,-,..,-,..,-,..,-,..,-,..,-,..,-,..,-,..,-,..,-,..,-,..,-
Guajará-Mirim (RO),..,-,..,-,..,-,..,-,..,-,..,-,..,-,..,-,..,-,..,-,..,-,..,-,..,-,..,-,..,-,..,-,..,-,..,-,..,-,..,-,..,-
Ariquemes (RO),..,-,..,-,..,-,..,-,..,-,..,-,..,-,..,-,..,-,..,-,..,-,..,-,..,-,..,-,..,-,..,-,..,-,..,-,..,-,..,-,..,-
Ji-Paraná (RO),..,-,..,-,..,-,..,-,..,-,..,-,..,-,..,-,..,-,..,-,..,-,..,-,..,-,..,-,..,-,..,-,..,-,..,-,..,-,..,-,..,-
Alvorada D'Oeste (RO),..,-,..,-,..,-,..,-,..,-,..,-,..,-,..,-,..,-,..,-,..,-,..,-,..,-,..,-,..,-,..,-,..,-,..,-,..,-,..,-,..,-
Cacoal (RO),..,-,..,-,..,-,..,-,..,-,..,-,..,-,..,-,..,-,..,-,..,-,..,-,..,-,..,-,..,-,..,-,..,-,..,-,..,-,..,-,..,-
Vilhena (RO),..,-,..,-,..,-,..,-,..,-,..,-,..,-,..,-,..,-,..,-,..,-,..,-,..,-,..,-,..,-,..,-,..,-,..,-,..,-,..,-,..,-
Colorado do Oeste (RO),..,-,..,-,..,-,..,-,..,-,..,-,..,-,..,-,..,-,..,-,..,-,..,-,..,-,..,-,..,-,..,-,..,-,..,-,..,-,..,-,..,-
Cruzeiro do Sul (AC),..,7,..,10,..,10,..,7,..,28,..,28,..,28,..,28,..,60,..,42,..,95,..,112,..,154,..,130,..,127,..,132,..,143,..,114,..,110,..,102,..,104
Tarauacá (AC),..,-,..,-,..,-,..,-,..,-,..,-,..,-,..,-,..,-,..,-,..,-,..,-,..,-,..,-,..,-,..,-,..,-,..,-,..,-,..,-,..,-
Sena Madureira (AC),..,96,..,96,..,32,..,42,..,60,..,70,..,60,..,70,..,70,..,50,..,90,..,50,..,51,..,136,..,144,..,180,..,146,..,149,..,169,..,154,..,146
Rio Branco (AC),..,-,..,-,..,-,..,-,..,-,..,-,..,-,..,-,..,60,..,75,..,90,..,211,..,253,..,333,..,423,..,391,..,363,..,360,..,300,..,298,..,298
Brasiléia (AC),..,-,..,-,..,-,..,-,..,-,..,-,..,-,..,-,..,-,..,-,..,31,..,53,..,74,..,61,..,79,..,83,..,90,..,79,..,51,..,42,..,43
Rio Negro (AM),..,12,..,12,..,12,..,12,..,12,..,12,..,12,..,12,..,15,..,17,..,480,..,160,..,176,..,222,..,184,..,101,..,348,..,32,..,-,..,-,..,-
Japurá (AM),..,-,..,-,..,-,..,-,..,-,..,-,..,-,..,-,..,-,..,-,..,-,..,-,..,-,..,-,..,-,..,-,..,-,..,-,..,-,..,-,..,-
Alto Solimões (AM),..,4,..,4,..,4,..,4,..,4,..,4,..,4,..,4,..,64,..,64,..,294,..,544,..,536,..,386,..,175,..,132,..,-,..,6,..,106,..,90,..,90
Juruá (AM),..,22,..,35,..,35,..,46,..,56,..,34,..,60,..,57,..,33,..,36,..,317,..,614,..,656,..,564,..,904,..,456,..,675,..,688,..,294,..,292,..,1994
Tefé (AM),..,-,..,-,..,-,..,-,..,-,..,-,..,-,..,-,..,-,..,-,..,-,..,-,..,16,..,22,..,22,..,36,..,-,..,-,..,-,..,-,..,-
Coari (AM),..,50,..,50,..,50,..,50,..,60,..,50,..,50,..,95,..,68,..,93,..,416,..,426,..,204,..,128,..,-,..,-,..,-,..,-,..,-,..,-,..,-
Manaus (AM),..,480,..,495,..,495,..,495,..,373,..,459,..,468,..,507,..,182,..,187,..,5687,..,5861,..,3191,..,3346,..,2607,..,4111,..,4625,..,4882,..,5198,..,3474,..,4097
Rio Preto da Eva (AM),..,-,..,-,..,-,..,-,..,-,..,-,..,-,..,-,..,-,..,-,..,64,..,64,..,32,..,24,..,-,..,-,..,-,..,-,..,-,..,-,..,-
Itacoatiara (AM),..,7,..,-,..,-,..,-,..,-,..,-,..,-,..,-,..,-,..,-,..,176,..,256,..,128,..,248,..,16,..,16,..,255,..,110,..,-,..,-,..,10
Parintins (AM),..,4,..,4,..,4,..,40,..,40,..,-,..,-,..,-,..,-,..,-,..,192,..,208,..,96,..,128,..,145,..,102,..,-,..,16,..,-,..,-,..,-
Boca do Acre (AM),..,1,..,-,..,-,..,-,..,-,..,-,..,-,..,-,..,-,..,-,..,192,..,192,..,80,..,60,..,240,..,-,..,-,..,72,..,51,..,48,..,46
Purus (AM),..,16,..,19,..,19,..,19,..,19,..,19,..,16,..,180,..,140,..,175,..,296,..,440,..,200,..,238,..,80,..,80,..,120,..,120,..,130,..,125,..,182
Madeira (AM),..,3,..,3,..,3,..,18,..,23,..,18,..,18,..,3,..,-,..,-,..,292,..,494,..,382,..,201,..,60,..,60,..,60,..,60,..,60,..,50,..,52
Boa Vista (RR),..,-,..,-,..,-,..,-,..,-,..,-,..,-,..,-,..,-,..,-,..,-,..,-,..,-,..,-,..,50,..,50,..,120,..,747,..,826,..,810,..,795
Nordeste de Roraima (RR),..,-,..,-,..,-,..,-,..,-,..,-,..,-,..,-,..,-,..,-,..,-,..,-,..,-,..,-,..,600,..,600,..,580,..,657,..,500,..,4790,..,4200
Caracaraí (RR),..,-,..,-,..,-,..,-,..,-,..,-,..,-,..,-,..,-,..,-,..,-,..,-,..,-,..,-,..,-,..,-,..,-,..,-,..,-,..,-,..,-
Sudeste de Roraima (RR),..,-,..,-,..,-,..,-,..,-,..,-,..,-,..,-,..,-,..,-,..,-,..,-,..,-,..,94,..,94,..,298,..,287,..,247,..,160,..,240,..,225
Óbidos (PA),..,88,..,113,..,172,..,-,..,-,..,-,..,-,..,-,..,-,..,-,..,-,..,-,..,-,..,-,..,-,..,-,..,-,..,-,..,-,..,-,..,-
Santarém (PA),..,39,..,48,..,17,..,-,..,-,..,-,..,-,..,-,..,5,..,5,..,-,..,-,..,-,..,-,..,-,..,-,..,-,..,-,..,-,..,-,..,-
Almeirim (PA),..,-,..,-,..,-,..,-,..,-,..,-,..,-,..,-,..,-,..,-,..,-,..,-,..,-,..,-,..,-,..,-,..,-,..,-,..,-,..,-,..,-
Portel (PA),..,-,..,-,..,-,..,-,..,-,..,-,..,-,..,-,..,-,..,-,..,-,..,-,..,-,..,-,..,-,..,-,..,-,..,-,..,-,..,-,..,-
Furos de Breves (PA),..,-,..,-,..,-,..,-,..,-,..,-,..,-,..,-,..,-,..,-,..,-,..,-,..,-,..,-,..,-,..,-,..,-,..,-,..,-,..,-,..,-
Arari (PA),..,-,..,-,..,-,..,-,..,-,..,-,..,-,..,-,..,-,..,-,..,-,..,-,..,-,..,-,..,-,..,-,..,-,..,-,..,-,..,-,..,-
Belém (PA),..,3,..,2,..,-,..,-,..,-,..,-,..,-,..,-,..,-,..,-,..,-,..,-,..,-,..,-,..,-,..,-,..,-,..,-,..,-,..,-,..,-
Castanhal (PA),..,-,..,-,..,-,..,-,..,-,..,-,..,-,..,-,..,-,..,-,..,-,..,-,..,-,..,-,..,-,..,-,..,-,..,-,..,-,..,-,..,-
Salgado (PA),..,-,..,-,..,-,..,-,..,-,..,-,..,-,..,-,..,-,..,-,..,-,..,-,..,-,..,-,..,-,..,-,..,-,..,-,..,-,..,-,..,-
Bragantina (PA),..,-,..,-,..,-,..,-,..,-,..,-,..,-,..,-,..,-,..,-,..,-,..,-,..,-,..,-,..,-,..,-,..,30,..,30,..,-,..,-,..,-
Cametá (PA),..,2,..,1,..,-,..,-,..,-,..,-,..,-,..,-,..,-,..,-,..,-,..,-,..,-,..,-,..,-,..,-,..,-,..,-,..,-,..,-,..,-
Tomé-Açu (PA),..,-,..,-,..,-,..,-,..,-,..,-,..,-,..,-,..,-,..,-,..,-,..,-,..,-,..,-,..,-,..,-,..,-,..,-,..,-,..,-,..,-
Guamá (PA),..,-,..,-,..,-,..,-,..,-,..,-,..,-,..,-,..,-,..,-,..,-,..,-,..,-,..,-,..,-,..,-,..,-,..,-,..,-,..,-,..,-
Itaituba (PA),..,781,..,506,..,513,..,-,..,-,..,150,..,150,..,150,..,150,..,225,..,225,..,250,..,250,..,150,..,150,..,155,..,125,..,125,..,125,..,125,..,90
Altamira (PA),..,-,..,-,..,-,..,-,..,-,..,-,..,-,..,-,..,-,..,-,..,-,..,-,..,-,..,-,..,-,..,-,..,-,..,-,..,-,..,-,..,-
Tucuruí (PA),..,-,..,-,..,-,..,75,..,75,..,75,..,-,..,-,..,-,..,-,..,-,..,-,..,-,..,-,..,-,..,-,..,-,..,-,..,-,..,-,..,-
Paragominas (PA),..,-,..,-,..,-,..,-,..,-,..,-,..,-,..,-,..,-,..,-,..,-,..,-,..,-,..,-,..,-,..,-,..,-,..,-,..,-,..,-,..,42
São Félix do Xingu (PA),..,-,..,-,..,-,..,-,..,-,..,-,..,-,..,-,..,-,..,-,..,-,..,-,..,-,..,-,..,-,..,-,..,-,..,-,..,-,..,-,..,-
Parauapebas (PA),..,-,..,-,..,-,..,-,..,-,..,-,..,-,..,-,..,-,..,-,..,-,..,-,..,-,..,-,..,-,..,-,..,-,..,-,..,-,..,-,..,-
Marabá (PA),..,-,..,-,..,-,..,-,..,-,..,-,..,-,..,-,..,-,..,-,..,-,..,-,..,-,..,-,..,-,..,-,..,-,..,-,..,-,..,-,..,-
Redenção (PA),..,-,..,-,..,-,..,-,..,-,..,-,..,-,..,-,..,-,..,-,..,-,..,-,..,-,..,-,..,-,..,-,..,-,..,-,..,-,..,-,..,-
Conceição do Araguaia (PA),..,-,..,-,..,-,..,-,..,-,..,-,..,-,..,-,..,-,..,-,..,-,..,-,..,-,..,-,..,-,..,-,..,-,..,-,..,-,..,-,..,-
Oiapoque (AP),..,-,..,-,..,-,..,-,..,-,..,-,..,-,..,-,..,-,..,-,..,-,..,-,..,-,..,-,..,-,..,-,..,-,..,-,..,-,..,-,..,-
Amapá (AP),..,-,..,-,..,-,..,-,..,-,..,-,..,-,..,-,..,-,..,-,..,-,..,-,..,-,..,-,..,-,..,-,..,-,..,-,..,-,..,-,..,-
Macapá (AP),..,-,..,-,..,-,..,-,..,-,..,-,..,-,..,-,..,-,..,-,..,-,..,-,..,-,..,-,..,-,..,-,..,-,..,-,..,-,..,-,..,-
Mazagão (AP),..,12,..,-,..,-,..,-,..,-,..,-,..,-,..,-,..,-,..,-,..,-,..,-,..,-,..,-,..,-,..,-,..,-,..,-,..,-,..,-,..,-
Bico do Papagaio (TO),..,-,..,-,..,-,..,-,..,-,..,-,..,-,..,-,..,-,..,-,..,-,..,-,..,-,..,-,..,-,..,-,..,-,..,-,..,-,..,-,..,-
Araguaína (TO),..,-,..,-,..,-,..,-,..,-,..,-,..,-,..,-,..,-,..,-,..,-,..,-,..,-,..,-,..,-,..,-,..,-,..,-,..,-,..,-,..,-
Miracema do Tocantins (TO),..,-,..,-,..,-,..,-,..,-,..,-,..,-,..,-,..,-,..,-,..,-,..,-,..,-,..,-,..,-,..,-,..,-,..,-,..,-,..,-,..,-
Rio Formoso (TO),..,-,..,-,..,-,..,-,..,-,..,-,..,-,..,-,..,-,..,-,..,-,..,-,..,-,..,-,..,-,..,-,..,-,..,-,..,-,..,-,..,-
Gurupi (TO),..,-,..,-,..,-,..,-,..,-,..,-,..,-,..,-,..,-,..,-,..,-,..,-,..,-,..,-,..,-,..,-,..,-,..,-,..,-,..,-,..,-
Porto Nacional (TO),..,-,..,-,..,-,..,-,..,-,..,-,..,-,..,-,..,-,..,-,..,-,..,-,..,-,..,-,..,-,..,8,..,-,..,-,..,-,..,-,..,-
Jalapão (TO),..,-,..,-,..,-,..,-,..,-,..,-,..,-,..,-,..,-,..,-,..,-,..,-,..,-,..,-,..,-,..,-,..,-,..,-,..,-,..,1,..,1
Dianópolis (TO),..,-,..,-,..,-,..,-,..,-,..,-,..,-,..,-,..,-,..,-,..,-,..,-,..,-,..,-,..,-,..,-,..,-,..,-,..,-,..,-,..,-
Litoral Ocidental Maranhense (MA),..,-,..,-,..,-,..,-,..,-,..,-,..,-,..,-,..,-,..,-,..,-,..,-,..,-,..,-,..,-,..,-,..,168,..,46,..,18,..,11,..,9
Aglomeração Urbana de São Luís (MA),..,-,..,-,..,-,..,-,..,-,..,-,..,-,..,-,..,-,..,-,..,-,..,-,..,-,..,-,..,-,..,-,..,-,..,-,..,-,..,-,..,-
Rosário (MA),..,-,..,-,..,-,..,-,..,-,..,-,..,-,..,-,..,-,..,-,..,-,..,-,..,-,..,-,..,-,..,-,..,-,..,-,..,-,..,-,..,-
Lençóis Maranhenses (MA),..,-,..,-,..,-,..,-,..,-,..,-,..,-,..,-,..,-,..,-,..,-,..,-,..,-,..,-,..,-,..,-,..,-,..,-,..,-,..,-,..,-
Baixada Maranhense (MA),..,19,..,22,..,24,..,26,..,26,..,26,..,25,..,22,..,19,..,17,..,3,..,-,..,-,..,-,..,-,..,-,..,-,..,-,..,-,..,-,..,-
Itapecuru Mirim (MA),..,-,..,-,..,-,..,-,..,-,..,-,..,-,..,-,..,-,..,-,..,-,..,-,..,-,..,-,..,-,..,-,..,-,..,-,..,-,..,-,..,-
Gurupi (MA),..,-,..,-,..,-,..,-,..,-,..,-,..,-,..,-,..,-,..,-,..,-,..,-,..,-,..,-,..,-,..,-,..,-,..,-,..,-,..,-,..,-
Pindaré (MA),..,-,..,-,..,-,..,-,..,-,..,-,..,-,..,-,..,-,..,-,..,-,..,-,..,-,..,-,..,-,..,-,..,-,..,-,..,-,..,-,..,-
Imperatriz (MA),..,-,..,-,..,-,..,-,..,-,..,60,..,-,..,-,..,-,..,-,..,-,..,-,..,-,..,-,..,-,..,-,..,-,..,-,..,-,..,-,..,-
Médio Mearim (MA),..,18,..,-,..,-,..,-,..,-,..,-,..,-,..,-,..,-,..,-,..,-,..,-,..,-,..,-,..,-,..,-,..,-,..,-,..,-,..,-,..,-
Alto Mearim e Grajaú (MA),..,-,..,-,..,-,..,-,..,-,..,-,..,-,..,-,..,-,..,-,..,-,..,-,..,-,..,-,..,-,..,-,..,-,..,-,..,-,..,-,..,-
Presidente Dutra (MA),..,-,..,-,..,-,..,-,..,-,..,-,..,-,..,-,..,-,..,-,..,38,..,11,..,14,..,17,..,14,..,-,..,-,..,-,..,-,..,-,..,-
Baixo Parnaíba Maranhense (MA),..,-,..,-,..,-,..,-,..,-,..,-,..,-,..,-,..,-,..,-,..,-,..,-,..,-,..,-,..,-,..,-,..,-,..,-,..,-,..,-,..,-
Chapadinha (MA),..,-,..,-,..,-,..,-,..,-,..,-,..,-,..,-,..,-,..,-,..,-,..,-,..,-,..,-,..,-,..,-,..,-,..,-,..,-,..,-,..,-
Codó (MA),..,-,..,-,..,-,..,-,..,-,..,-,..,-,..,-,..,-,..,-,..,-,..,-,..,-,..,-,..,-,..,-,..,-,..,-,..,-,..,-,..,-
Coelho Neto (MA),..,-,..,-,..,-,..,-,..,-,..,-,..,-,..,-,..,-,..,-,..,-,..,-,..,-,..,-,..,-,..,-,..,-,..,-,..,-,..,-,..,-
Caxias (MA),..,-,..,-,..,-,..,-,..,-,..,-,..,-,..,-,..,-,..,-,..,-,..,-,..,-,..,-,..,-,..,-,..,-,..,-,..,-,..,-,..,-
Chapadas do Alto Itapecuru (MA),..,3,..,3,..,4,..,3,..,4,..,-,..,-,..,-,..,-,..,-,..,15,..,2,..,-,..,-,..,-,..,-,..,-,..,-,..,-,..,-,..,-
Porto Franco (MA),..,-,..,-,..,-,..,-,..,-,..,-,..,-,..,-,..,-,..,-,..,-,..,-,..,-,..,-,..,-,..,-,..,-,..,-,..,-,..,-,..,-
Gerais de Balsas (MA),..,-,..,-,..,-,..,-,..,-,..,-,..,-,..,-,..,-,..,-,..,-,..,-,..,-,..,-,..,-,..,-,..,-,..,-,..,-,..,-,..,-
Chapadas das Mangabeiras (MA),..,-,..,-,..,-,..,-,..,-,..,-,..,-,..,-,..,-,..,-,..,-,..,-,..,-,..,-,..,-,..,-,..,-,..,-,..,-,..,-,..,-
Baixo Parnaíba Piauiense (PI),..,90,..,90,..,30,..,30,..,30,..,30,..,30,..,22,..,30,..,-,..,-,..,-,..,-,..,-,..,-,..,-,..,-,..,-,..,-,..,-,..,-
Litoral Piauiense (PI),..,225,..,64,..,29,..,120,..,105,..,-,..,-,..,-,..,-,..,-,..,25,..,25,..,25,..,-,..,-,..,-,..,-,..,-,..,-,..,-,..,-
Teresina (PI),..,90,..,175,..,177,..,179,..,199,..,169,..,139,..,101,..,135,..,135,..,134,..,134,..,84,..,75,..,84,..,106,..,89,..,85,..,47,..,-,..,-
Campo Maior (PI),..,15,..,15,..,15,..,15,..,-,..,-,..,-,..,-,..,-,..,-,..,-,..,-,..,-,..,-,..,-,..,-,..,-,..,-,..,-,..,-,..,-
Médio Parnaíba Piauiense (PI),..,190,..,190,..,181,..,174,..,117,..,74,..,77,..,69,..,67,..,76,..,76,..,64,..,42,..,36,..,41,..,10,..,-,..,-,..,-,..,-,..,-
Valença do Piauí (PI),..,10,..,-,..,-,..,-,..,-,..,-,..,-,..,-,..,-,..,-,..,-,..,-,..,-,..,-,..,-,..,-,..,-,..,-,..,-,..,-,..,-
Alto Parnaíba Piauiense (PI),..,-,..,-,..,-,..,-,..,-,..,-,..,-,..,-,..,-,..,-,..,-,..,-,..,-,..,-,..,-,..,-,..,-,..,-,..,-,..,-,..,-
Bertolínia (PI),..,3,..,3,..,3,..,3,..,-,..,-,..,-,..,-,..,-,..,-,..,-,..,-,..,-,..,-,..,-,..,-,..,-,..,-,..,-,..,-,..,-
Floriano (PI),..,8,..,8,..,8,..,8,..,-,..,-,..,-,..,-,..,-,..,-,..,-,..,-,..,-,..,-,..,-,..,-,..,-,..,-,..,-,..,-,..,-
Alto Médio Gurguéia (PI),..,4,..,3,..,12,..,12,..,16,..,-,..,-,..,-,..,-,..,-,..,-,..,-,..,-,..,-,..,-,..,-,..,-,..,-,..,8,..,-,..,-
São Raimundo Nonato (PI),..,12,..,12,..,-,..,-,..,-,..,-,..,-,..,-,..,-,..,-,..,-,..,-,..,-,..,-,..,-,..,-,..,-,..,-,..,-,..,-,..,-
Chapadas do Extremo Sul Piauiense (PI),..,10,..,10,..,10,..,10,..,10,..,-,..,-,..,-,..,-,..,-,..,-,..,-,..,-,..,-,..,-,..,-,..,-,..,-,..,-,..,-,..,-
Picos (PI),..,118,..,43,..,163,..,53,..,143,..,53,..,53,..,53,..,53,..,63,..,63,..,63,..,52,..,43,..,41,..,50,..,32,..,12,..,72,..,72,..,72
Pio IX (PI),..,93,..,66,..,75,..,37,..,40,..,45,..,45,..,45,..,45,..,55,..,55,..,45,..,20,..,10,..,6,..,5,..,-,..,-,..,-,..,-,..,-
Alto Médio Canindé (PI),..,200,..,142,..,137,..,162,..,156,..,159,..,163,..,172,..,180,..,222,..,217,..,205,..,112,..,167,..,113,..,110,..,68,..,41,..,105,..,156,..,119
Litoral de Camocim e Acaraú (CE),..,458,..,576,..,1221,..,1215,..,983,..,1502,..,1467,..,1537,..,1588,..,1718,..,1116,..,1747,..,1386,..,1026,..,1532,..,911,..,908,..,697,..,505,..,915,..,915
Ibiapaba (CE),..,592,..,1155,..,1327,..,1712,..,2058,..,3366,..,3235,..,4018,..,5143,..,5432,..,7427,..,8367,..,9209,..,11814,..,14908,..,10257,..,20864,..,29568,..,55863,..,74822,..,82432
Coreaú (CE),..,-,..,-,..,30,..,39,..,40,..,88,..,60,..,110,..,180,..,190,..,275,..,312,..,385,..,456,..,65,..,60,..,15,..,24,..,13,..,24,..,38
Meruoca (CE),..,-,..,-,..,-,..,-,..,-,..,-,..,-,..,-,..,-,..,-,..,-,..,-,..,-,..,-,..,-,..,-,..,-,..,-,..,-,..,-,..,7
Sobral (CE),..,175,..,150,..,120,..,-,..,-,..,-,..,-,..,-,..,-,..,-,..,-,..,-,..,-,..,-,..,-,..,33,..,27,..,74,..,54,..,65,..,106
Ipu (CE),..,265,..,550,..,674,..,793,..,729,..,1146,..,1301,..,1688,..,1964,..,1977,..,2496,..,3115,..,3548,..,4348,..,1282,..,1017,..,2132,..,4731,..,7077,..,5451,..,6020
Santa Quitéria (CE),..,18,..,30,..,-,..,-,..,74,..,121,..,237,..,278,..,297,..,327,..,488,..,603,..,714,..,141,..,939,..,403,..,233,..,438,..,167,..,404,..,259
Itapipoca (CE),..,231,..,287,..,575,..,1000,..,1121,..,1159,..,1206,..,1281,..,1349,..,1365,..,553,..,1387,..,1029,..,713,..,270,..,535,..,455,..,462,..,370,..,268,..,615
Baixo Curu (CE),..,28,..,28,..,28,..,29,..,28,..,28,..,28,..,28,..,14,..,35,..,35,..,42,..,20,..,55,..,47,..,53,..,57,..,86,..,116,..,608,..,854
Uruburetama (CE),..,-,..,-,..,-,..,175,..,189,..,195,..,50,..,63,..,78,..,102,..,65,..,163,..,150,..,112,..,120,..,137,..,35,..,81,..,128,..,279,..,424
Médio Curu (CE),..,-,..,-,..,-,..,-,..,-,..,-,..,-,..,-,..,-,..,-,..,-,..,-,..,-,..,-,..,22,..,26,..,63,..,178,..,195,..,260,..,318
Canindé (CE),..,37,..,37,..,36,..,57,..,140,..,176,..,261,..,300,..,329,..,451,..,561,..,758,..,936,..,205,..,578,..,206,..,65,..,333,..,301,..,333,..,585
Baturité (CE),..,-,..,-,..,-,..,-,..,-,..,-,..,-,..,-,..,-,..,-,..,-,..,-,..,-,..,-,..,-,..,-,..,-,..,-,..,-,..,-,..,-
Chorozinho (CE),..,-,..,-,..,-,..,-,..,-,..,-,..,-,..,-,..,-,..,-,..,-,..,-,..,-,..,-,..,-,..,-,..,-,..,-,..,-,..,-,..,-
Cascavel (CE),..,436,..,544,..,415,..,703,..,845,..,916,..,869,..,955,..,1218,..,1477,..,1256,..,1459,..,1300,..,991,..,1286,..,407,..,1189,..,722,..,493,..,1050,..,1427
Fortaleza (CE),..,1190,..,650,..,-,..,-,..,84,..,81,..,78,..,85,..,308,..,323,..,329,..,340,..,349,..,109,..,167,..,536,..,273,..,392,..,342,..,317,..,457
Pacajus (CE),..,-,..,-,..,-,..,7,..,31,..,40,..,50,..,38,..,13,..,21,..,27,..,44,..,60,..,26,..,37,..,73,..,61,..,131,..,86,..,206,..,169
Sertão de Cratéus (CE),..,-,..,-,..,-,..,-,..,-,..,-,..,-,..,-,..,-,..,-,..,-,..,-,..,-,..,-,..,-,..,-,..,-,..,-,..,-,..,-,..,-
Sertão de Quixeramobim (CE),..,36,..,36,..,37,..,46,..,104,..,128,..,156,..,181,..,192,..,233,..,321,..,401,..,505,..,77,..,327,..,124,..,139,..,324,..,440,..,707,..,955
Sertão de Inhamuns (CE),..,-,..,-,..,-,..,-,..,-,..,-,..,-,..,-,..,-,..,-,..,-,..,-,..,-,..,-,..,-,..,-,..,-,..,-,..,-,..,-,..,-
Sertão de Senador Pompeu (CE),..,-,..,-,..,-,..,-,..,-,..,-,..,-,..,-,..,-,..,-,..,-,..,-,..,-,..,-,..,-,..,18,..,22,..,23,..,56,..,133,..,261
Litoral de Aracati (CE),..,-,..,-,..,20,..,21,..,36,..,59,..,59,..,74,..,112,..,115,..,90,..,113,..,38,..,-,..,-,..,-,..,54,..,45,..,184,..,178,..,219
Baixo Jaguaribe (CE),..,99,..,62,..,51,..,30,..,27,..,-,..,-,..,-,..,-,..,-,..,-,..,-,..,-,..,-,..,-,..,540,..,270,..,858,..,880,..,829,..,900
Médio Jaguaribe (CE),..,80,..,70,..,57,..,42,..,49,..,58,..,39,..,29,..,26,..,16,..,13,..,29,..,18,..,16,..,18,..,73,..,97,..,483,..,360,..,270,..,222
Serra do Pereiro (CE),..,-,..,-,..,-,..,-,..,-,..,-,..,-,..,-,..,-,..,-,..,-,..,-,..,-,..,-,..,-,..,-,..,-,..,-,..,-,..,24,..,30
Iguatu (CE),..,-,..,-,..,-,..,-,..,-,..,-,..,-,..,-,..,-,..,-,..,-,..,-,..,-,..,-,..,-,..,60,..,145,..,244,..,426,..,369,..,495
Várzea Alegre (CE),..,-,..,-,..,-,..,-,..,-,..,-,..,-,..,-,..,-,..,-,..,-,..,-,..,-,..,-,..,-,..,-,..,-,..,-,..,250,..,175,..,172
Lavras da Mangabeira (CE),..,-,..,-,..,-,..,-,..,-,..,-,..,-,..,-,..,-,..,-,..,-,..,-,..,-,..,-,..,-,..,90,..,88,..,90,..,70,..,160,..,-
Chapada do Araripe (CE),..,5,..,8,..,-,..,-,..,-,..,-,..,-,..,-,..,-,..,-,..,-,..,-,..,-,..,-,..,-,..,-,..,-,..,-,..,-,..,21,..,29
Caririaçu (CE),..,-,..,-,..,-,..,-,..,-,..,-,..,-,..,-,..,-,..,-,..,-,..,-,..,-,..,-,..,-,..,-,..,-,..,-,..,-,..,16,..,26
Barro (CE),..,-,..,-,..,-,..,-,..,-,..,-,..,-,..,-,..,-,..,-,..,-,..,-,..,-,..,-,..,80,..,57,..,912,..,2413,..,2447,..,2793,..,2894
Cariri (CE),..,108,..,111,..,110,..,128,..,135,..,150,..,210,..,240,..,270,..,300,..,225,..,300,..,360,..,397,..,305,..,280,..,92,..,70,..,96,..,83,..,98
Brejo Santo (CE),..,-,..,-,..,-,..,-,..,-,..,-,..,-,..,-,..,-,..,-,..,-,..,-,..,-,..,-,..,249,..,300,..,409,..,952,..,997,..,230,..,260
Mossoró (RN),..,-,..,-,..,-,..,-,..,-,..,178,..,36,..,36,..,25,..,25,..,54,..,54,..,30,..,90,..,30,..,-,..,18,..,-,..,-,..,-,..,90
Chapada do Apodi (RN),..,122,..,-,..,-,..,-,..,-,..,36,..,39,..,39,..,50,..,50,..,46,..,64,..,130,..,130,..,109,..,166,..,417,..,431,..,958,..,1079,..,1006
Médio Oeste (RN),..,23,..,-,..,-,..,-,..,-,..,95,..,101,..,95,..,99,..,64,..,42,..,55,..,45,..,60,..,30,..,35,..,6,..,-,..,250,..,550,..,550
Vale do Açu (RN),..,866,..,770,..,770,..,710,..,600,..,490,..,378,..,308,..,388,..,708,..,600,..,354,..,-,..,60,..,216,..,240,..,360,..,195,..,795,..,699,..,653
Serra de São Miguel (RN),..,187,..,187,..,236,..,199,..,177,..,179,..,189,..,147,..,212,..,218,..,104,..,187,..,177,..,143,..,200,..,72,..,86,..,177,..,190,..,177,..,245
Pau dos Ferros (RN),..,293,..,303,..,354,..,231,..,302,..,361,..,336,..,295,..,468,..,465,..,353,..,426,..,429,..,216,..,429,..,91,..,39,..,52,..,121,..,139,..,159
Umarizal (RN),..,176,..,161,..,157,..,195,..,275,..,316,..,504,..,159,..,194,..,218,..,126,..,307,..,289,..,241,..,224,..,194,..,43,..,30,..,180,..,354,..,312
Macau (RN),..,45,..,150,..,540,..,640,..,750,..,440,..,380,..,320,..,320,..,320,..,160,..,120,..,297,..,417,..,324,..,192,..,-,..,33,..,120,..,290,..,216
Angicos (RN),..,-,..,-,..,-,..,-,..,-,..,-,..,-,..,-,..,-,..,-,..,-,..,-,..,-,..,-,..,-,..,-,..,-,..,-,..,-,..,-,..,-
Serra de Santana (RN),..,125,..,38,..,420,..,749,..,505,..,444,..,610,..,214,..,185,..,304,..,502,..,207,..,-,..,6,..,6,..,12,..,8,..,12,..,36,..,202,..,1020
Seridó Ocidental (RN),..,200,..,1204,..,2122,..,1265,..,2186,..,4681,..,1802,..,1197,..,2310,..,626,..,732,..,1032,..,248,..,520,..,608,..,300,..,978,..,-,..,100,..,810,..,225
Seridó Oriental (RN),..,-,..,-,..,590,..,482,..,1210,..,1079,..,908,..,254,..,959,..,751,..,2368,..,1033,..,64,..,72,..,48,..,16,..,16,..,-,..,30,..,97,..,18
Baixa Verde (RN),..,-,..,-,..,-,..,288,..,425,..,273,..,630,..,735,..,735,..,735,..,135,..,240,..,-,..,160,..,159,..,1659,..,3900,..,3810,..,4950,..,4784,..,7631
Borborema Potiguar (RN),..,50,..,56,..,102,..,25,..,30,..,323,..,112,..,130,..,133,..,287,..,182,..,207,..,-,..,-,..,18,..,30,..,84,..,84,..,84,..,118,..,152
Agreste Potiguar (RN),..,1621,..,3899,..,5184,..,6134,..,6430,..,4771,..,6065,..,6118,..,6580,..,6815,..,5444,..,7324,..,5769,..,6152,..,4556,..,8079,..,3271,..,11228,..,9377,..,7866,..,7628
Litoral Nordeste (RN),..,1240,..,1320,..,1070,..,1250,..,1550,..,1745,..,2262,..,1541,..,1381,..,1316,..,1316,..,2736,..,5400,..,560,..,4115,..,8400,..,10935,..,24534,..,18730,..,19461,..,23175
Macaíba (RN),..,4060,..,6304,..,6309,..,12005,..,12323,..,3040,..,3534,..,3390,..,3450,..,2770,..,3419,..,4504,..,6380,..,6470,..,4910,..,4160,..,2820,..,6900,..,6900,..,9033,..,8740
Natal (RN),..,260,..,360,..,340,..,531,..,700,..,495,..,480,..,-,..,-,..,-,..,-,..,-,..,-,..,110,..,33,..,33,..,88,..,88,..,165,..,165,..,242
Litoral Sul (RN),..,850,..,659,..,739,..,764,..,764,..,108,..,387,..,1492,..,1727,..,1904,..,1363,..,1904,..,1824,..,1565,..,1264,..,2035,..,1442,..,4600,..,5200,..,3767,..,3290
Catolé do Rocha (PB),..,438,..,240,..,390,..,415,..,423,..,423,..,429,..,452,..,439,..,446,..,393,..,446,..,-,..,-,..,593,..,35,..,29,..,392,..,192,..,188,..,192
Cajazeiras (PB),..,10,..,10,..,16,..,15,..,80,..,120,..,180,..,108,..,292,..,325,..,255,..,510,..,220,..,285,..,362,..,465,..,461,..,574,..,522,..,428,..,749
Sousa (PB),..,408,..,252,..,360,..,368,..,408,..,408,..,408,..,407,..,394,..,401,..,496,..,495,..,50,..,-,..,708,..,652,..,294,..,734,..,737,..,1134,..,1214
Patos (PB),..,345,..,194,..,760,..,853,..,1119,..,1135,..,1418,..,1303,..,1449,..,1488,..,660,..,1449,..,260,..,42,..,610,..,732,..,940,..,829,..,711,..,847,..,678
Piancó (PB),..,507,..,341,..,1187,..,1344,..,2767,..,2795,..,2879,..,1885,..,1404,..,2897,..,825,..,1317,..,182,..,140,..,532,..,941,..,728,..,874,..,614,..,366,..,342
Itaporanga (PB),..,195,..,125,..,336,..,327,..,312,..,457,..,488,..,526,..,670,..,750,..,658,..,1978,..,977,..,2445,..,2486,..,3350,..,2276,..,3530,..,2986,..,2744,..,3336
Serra do Teixeira (PB),..,372,..,338,..,1048,..,1698,..,4245,..,2223,..,2634,..,2886,..,3776,..,3522,..,1708,..,2526,..,515,..,210,..,722,..,847,..,1227,..,866,..,808,..,958,..,929
Seridó Ocidental Paraibano (PB),..,169,..,58,..,576,..,-,..,934,..,1029,..,1006,..,552,..,962,..,662,..,537,..,602,..,-,..,-,..,146,..,25,..,91,..,66,..,269,..,297,..,282
Seridó Oriental Paraibano (PB),..,1335,..,260,..,525,..,468,..,840,..,615,..,1125,..,934,..,1080,..,900,..,535,..,1020,..,65,..,80,..,132,..,178,..,133,..,198,..,320,..,305,..,365
Cariri Ocidental (PB),..,324,..,704,..,724,..,323,..,2148,..,2454,..,2379,..,1738,..,2240,..,1935,..,1515,..,1235,..,282,..,591,..,402,..,782,..,453,..,567,..,798,..,673,..,726
Cariri Oriental (PB),..,308,..,220,..,252,..,273,..,678,..,930,..,1310,..,782,..,1040,..,1364,..,1400,..,1250,..,682,..,752,..,616,..,751,..,1031,..,418,..,767,..,606,..,798
Curimataú Ocidental (PB),..,1290,..,595,..,448,..,984,..,1106,..,994,..,1064,..,802,..,1160,..,1060,..,830,..,1060,..,158,..,590,..,265,..,446,..,423,..,445,..,727,..,474,..,671
Curimataú Oriental (PB),..,240,..,440,..,298,..,394,..,704,..,720,..,576,..,616,..,712,..,656,..,354,..,688,..,318,..,626,..,444,..,573,..,502,..,680,..,855,..,802,..,895
Esperança (PB),..,2240,..,1735,..,1780,..,1872,..,2600,..,2960,..,2560,..,3440,..,2640,..,3200,..,2520,..,2160,..,1010,..,2240,..,1460,..,1434,..,988,..,2060,..,1900,..,2150,..,2480
Brejo Paraibano (PB),..,5424,..,4050,..,7566,..,10375,..,10016,..,10086,..,7306,..,7506,..,9094,..,10314,..,9984,..,6540,..,4312,..,6050,..,4344,..,3753,..,3348,..,3879,..,4150,..,3989,..,4320
Guarabira (PB),..,3696,..,3172,..,3400,..,3870,..,4240,..,3200,..,2280,..,2480,..,2928,..,2298,..,520,..,1520,..,609,..,1800,..,1163,..,1655,..,1878,..,3076,..,2947,..,3082,..,2922
Campina Grande (PB),..,1571,..,1166,..,1403,..,1986,..,2315,..,2500,..,2580,..,2305,..,3100,..,3100,..,4140,..,2420,..,1971,..,1978,..,2827,..,2452,..,1396,..,2321,..,3468,..,3582,..,3598
Itabaiana (PB),..,2116,..,711,..,418,..,1375,..,1450,..,1206,..,772,..,1550,..,1550,..,859,..,882,..,1550,..,410,..,1040,..,757,..,906,..,372,..,689,..,640,..,753,..,797
Umbuzeiro (PB),..,50,..,40,..,162,..,239,..,380,..,280,..,620,..,408,..,640,..,600,..,640,..,540,..,260,..,345,..,142,..,101,..,120,..,157,..,133,..,135,..,172
Litoral Norte (PB),..,1728,..,1768,..,2544,..,2717,..,3009,..,3876,..,3440,..,3820,..,3712,..,3304,..,2714,..,3244,..,2325,..,2014,..,2274,..,2059,..,2108,..,3271,..,2750,..,3561,..,3584
Sapé (PB),..,21420,..,1994,..,3086,..,4931,..,7180,..,7120,..,6580,..,7120,..,7720,..,6200,..,5280,..,5480,..,3540,..,4250,..,3960,..,4410,..,5720,..,7090,..,6530,..,6685,..,6010
João Pessoa (PB),..,504,..,752,..,672,..,600,..,608,..,512,..,576,..,576,..,496,..,472,..,470,..,648,..,483,..,528,..,456,..,520,..,552,..,628,..,598,..,733,..,736
Litoral Sul (PB),..,9212,..,3366,..,9780,..,7435,..,12409,..,8498,..,8615,..,8615,..,8716,..,3296,..,5076,..,5962,..,1640,..,2404,..,2720,..,3125,..,2995,..,2456,..,5200,..,4290,..,5588
Araripina (PE),..,55,..,42,..,39,..,18,..,18,..,18,..,-,..,-,..,64,..,64,..,64,..,80,..,-,..,-,..,-,..,-,..,-,..,-,..,-,..,-,..,-
Salgueiro (PE),..,102,..,115,..,128,..,119,..,97,..,97,..,-,..,-,..,66,..,66,..,83,..,141,..,-,..,-,..,-,..,-,..,-,..,-,..,-,..,16,..,8
Pajeú (PE),..,1256,..,896,..,892,..,932,..,1300,..,1288,..,1450,..,1522,..,892,..,895,..,960,..,1080,..,304,..,234,..,586,..,218,..,372,..,670,..,860,..,1634,..,1787
Sertão do Moxotó (PE),..,-,..,-,..,-,..,-,..,-,..,-,..,-,..,-,..,-,..,-,..,-,..,-,..,-,..,-,..,-,..,-,..,-,..,-,..,-,..,-,..,-
Petrolina (PE),..,80,..,509,..,690,..,1537,..,1165,..,1267,..,1105,..,1105,..,1400,..,1400,..,1160,..,1160,..,418,..,204,..,-,..,-,..,-,..,-,..,-,..,-,..,-
Itaparica (PE),..,207,..,115,..,155,..,137,..,137,..,137,..,-,..,-,..,100,..,70,..,70,..,55,..,-,..,-,..,-,..,-,..,-,..,-,..,-,..,-,..,-
Vale do Ipanema (PE),..,-,..,3000,..,3000,..,2800,..,2800,..,3000,..,3000,..,3000,..,3500,..,3500,..,3500,..,3500,..,2800,..,1750,..,3500,..,2800,..,4800,..,4800,..,2000,..,1590,..,1635
Vale do Ipojuca (PE),..,421,..,408,..,417,..,347,..,355,..,344,..,153,..,257,..,353,..,378,..,373,..,504,..,257,..,88,..,118,..,160,..,80,..,146,..,594,..,546,..,654
Alto Capibaribe (PE),..,208,..,205,..,167,..,41,..,46,..,30,..,36,..,45,..,175,..,190,..,170,..,227,..,225,..,97,..,140,..,96,..,133,..,86,..,64,..,28,..,41
Médio Capibaribe (PE),..,674,..,679,..,726,..,470,..,130,..,290,..,398,..,285,..,472,..,852,..,1056,..,806,..,774,..,454,..,564,..,354,..,584,..,283,..,322,..,385,..,447
Garanhuns (PE),..,10579,..,10026,..,10600,..,10399,..,6291,..,5866,..,8357,..,7343,..,10021,..,7190,..,7014,..,9701,..,5792,..,6100,..,7163,..,7095,..,6724,..,12790,..,7058,..,21107,..,23335
Brejo Pernambucano (PE),..,2066,..,2397,..,2446,..,5342,..,5455,..,5796,..,1785,..,1470,..,6315,..,6315,..,6740,..,6211,..,1700,..,238,..,335,..,293,..,291,..,7732,..,5510,..,6580,..,6563
Mata Setentrional Pernambucana (PE),..,2827,..,2909,..,2933,..,2703,..,2642,..,3274,..,2453,..,2335,..,2302,..,2329,..,2329,..,2359,..,1435,..,1095,..,986,..,1162,..,986,..,2014,..,2270,..,3084,..,1578
Vitória de Santo Antão (PE),..,665,..,612,..,651,..,751,..,785,..,825,..,-,..,72,..,72,..,157,..,157,..,92,..,420,..,-,..,-,..,-,..,-,..,-,..,240,..,235,..,385
Mata Meridional Pernambucana (PE),..,1021,..,1349,..,1671,..,1760,..,1820,..,1828,..,-,..,56,..,1101,..,1101,..,823,..,881,..,791,..,966,..,315,..,666,..,355,..,741,..,3152,..,4478,..,3356
Itamaracá (PE),..,-,..,-,..,500,..,144,..,72,..,172,..,204,..,252,..,152,..,209,..,175,..,205,..,28,..,3,..,-,..,-,..,-,..,-,..,252,..,203,..,210
Recife (PE),..,-,..,-,..,712,..,100,..,-,..,80,..,110,..,128,..,84,..,84,..,74,..,146,..,10,..,10,..,-,..,-,..,-,..,-,..,-,..,437,..,550
Suape (PE),..,-,..,-,..,-,..,-,..,-,..,-,..,-,..,150,..,150,..,150,..,150,..,120,..,-,..,-,..,-,..,-,..,-,..,-,..,1209,..,176,..,316
Fernando de Noronha (PE),..,...,..,...,..,...,..,...,..,...,..,...,..,...,..,...,..,...,..,...,..,...,..,...,..,...,..,...,..,...,..,...,..,...,..,...,..,...,..,...,..,...
Serrana do Sertão Alagoano (AL),..,-,..,-,..,-,..,-,..,-,..,-,..,-,..,-,..,-,..,-,..,-,..,-,..,-,..,-,..,-,..,-,..,-,..,274,..,312,..,415,..,409
Alagoana do Sertão do São Francisco (AL),..,-,..,-,..,-,..,-,..,-,..,-,..,-,..,-,..,-,..,-,..,-,..,-,..,-,..,-,..,-,..,-,..,-,..,300,..,330,..,304,..,340
Santana do Ipanema (AL),..,-,..,-,..,-,..,-,..,-,..,-,..,-,..,-,..,-,..,-,..,-,..,-,..,-,..,-,..,-,..,-,..,-,..,-,..,16,..,16,..,112
Batalha (AL),..,-,..,-,..,-,..,-,..,-,..,-,..,-,..,-,..,-,..,-,..,-,..,-,..,-,..,-,..,-,..,-,..,-,..,87,..,141,..,60,..,154
Palmeira dos Índios (AL),..,631,..,632,..,1066,..,897,..,851,..,737,..,722,..,945,..,1238,..,1289,..,1298,..,1084,..,954,..,1568,..,1288,..,1004,..,1240,..,2344,..,3058,..,3507,..,4047
Arapiraca (AL),..,6405,..,6508,..,6894,..,6800,..,7964,..,8068,..,8073,..,8076,..,8111,..,7919,..,7827,..,8156,..,7780,..,2926,..,7416,..,7509,..,7680,..,8239,..,8283,..,9961,..,10580
Traipu (AL),..,-,..,-,..,-,..,-,..,-,..,-,..,-,..,-,..,-,..,-,..,-,..,-,..,-,..,-,..,-,..,12,..,15,..,180,..,215,..,162,..,176
Serrana dos Quilombos (AL),..,3693,..,4964,..,6520,..,6920,..,4045,..,7308,..,6500,..,6670,..,6652,..,6780,..,4664,..,4220,..,3162,..,3402,..,3096,..,3026,..,4298,..,6726,..,8978,..,10356,..,10405
Mata Alagoana (AL),..,1626,..,1873,..,2098,..,2486,..,1739,..,1622,..,2106,..,2079,..,2147,..,2231,..,2245,..,1967,..,1451,..,2078,..,1858,..,1653,..,2667,..,4914,..,5378,..,6804,..,6848
Litoral Norte Alagoano (AL),..,796,..,948,..,774,..,1319,..,986,..,-,..,636,..,542,..,540,..,510,..,540,..,540,..,-,..,435,..,1541,..,1556,..,1562,..,480,..,668,..,668,..,670
Maceió (AL),..,-,..,420,..,627,..,617,..,627,..,598,..,467,..,467,..,197,..,197,..,197,..,199,..,-,..,14,..,-,..,-,..,-,..,28,..,176,..,287,..,327
São Miguel dos Campos (AL),..,-,..,-,..,-,..,-,..,-,..,-,..,-,..,-,..,-,..,-,..,368,..,318,..,370,..,380,..,722,..,1375,..,2956,..,6615,..,4719,..,5146,..,7537
Penedo (AL),..,11,..,10,..,10,..,5,..,5,..,5,..,5,..,5,..,13,..,11,..,5,..,5,..,12,..,12,..,12,..,12,..,80,..,251,..,286,..,327,..,422
Sergipana do Sertão do São Francisco (SE),..,18,..,18,..,27,..,27,..,-,..,-,..,-,..,-,..,-,..,-,..,-,..,-,..,-,..,-,..,-,..,-,..,-,..,-,..,-,..,-,..,-
Carira (SE),..,195,..,207,..,330,..,420,..,480,..,715,..,720,..,660,..,864,..,1020,..,960,..,1200,..,1200,..,1320,..,1440,..,1000,..,1500,..,1900,..,1440,..,2520,..,2702
Nossa Senhora das Dores (SE),..,199,..,222,..,226,..,186,..,165,..,91,..,99,..,99,..,114,..,114,..,114,..,114,..,114,..,98,..,106,..,77,..,77,..,61,..,39,..,39,..,39
Agreste de Itabaiana (SE),..,26062,..,26962,..,29595,..,32090,..,30322,..,30510,..,29920,..,32520,..,37500,..,35160,..,32680,..,30740,..,36630,..,40770,..,37170,..,34650,..,32100,..,36246,..,26060,..,46060,..,51190
Tobias Barreto (SE),..,855,..,900,..,762,..,639,..,900,..,810,..,684,..,630,..,675,..,540,..,495,..,495,..,495,..,270,..,228,..,-,..,-,..,-,..,-,..,-,..,-
Agreste de Lagarto (SE),..,1935,..,1782,..,1350,..,1205,..,1395,..,1350,..,1170,..,1062,..,855,..,729,..,675,..,675,..,99,..,90,..,90,..,107,..,120,..,162,..,-,..,980,..,1376
Propriá (SE),..,30,..,51,..,51,..,53,..,56,..,56,..,56,..,56,..,56,..,20,..,56,..,56,..,56,..,32,..,32,..,24,..,24,..,24,..,8,..,8,..,8
Cotinguiba (SE),..,14,..,37,..,26,..,25,..,80,..,150,..,150,..,300,..,300,..,300,..,300,..,300,..,300,..,350,..,46,..,50,..,58,..,40,..,55,..,78,..,144
Japaratuba (SE),..,175,..,177,..,166,..,191,..,201,..,184,..,184,..,184,..,144,..,144,..,144,..,144,..,128,..,128,..,128,..,283,..,222,..,250,..,232,..,350,..,362
Baixo Cotinguiba (SE),..,85,..,141,..,109,..,150,..,410,..,440,..,440,..,450,..,588,..,657,..,735,..,708,..,570,..,650,..,420,..,614,..,674,..,1662,..,1705,..,808,..,810
Aracaju (SE),..,37,..,44,..,37,..,-,..,-,..,-,..,-,..,-,..,-,..,-,..,-,..,-,..,-,..,-,..,-,..,-,..,-,..,-,..,17,..,40,..,38
Boquim (SE),..,770,..,745,..,623,..,622,..,656,..,699,..,672,..,617,..,748,..,748,..,745,..,610,..,530,..,377,..,307,..,63,..,71,..,208,..,-,..,180,..,-
Estância (SE),..,232,..,227,..,151,..,189,..,245,..,264,..,437,..,432,..,600,..,600,..,600,..,480,..,478,..,312,..,304,..,-,..,240,..,312,..,-,..,488,..,80
Barreiras (BA),..,441,..,482,..,-,..,-,..,-,..,-,..,-,..,-,..,-,..,-,..,-,..,-,..,-,..,-,..,-,..,-,..,-,..,-,..,-,..,-,..,-
Cotegipe (BA),..,240,..,225,..,-,..,-,..,-,..,-,..,-,..,-,..,-,..,-,..,-,..,-,..,-,..,-,..,-,..,-,..,-,..,-,..,-,..,-,..,-
Santa Maria da Vitória (BA),..,30,..,28,..,-,..,-,..,-,..,-,..,-,..,-,..,-,..,-,..,-,..,-,..,-,..,-,..,-,..,-,..,-,..,-,..,-,..,-,..,-
Juazeiro (BA),..,607,..,1537,..,24,..,40,..,24,..,24,..,24,..,24,..,-,..,-,..,-,..,-,..,-,..,-,..,-,..,-,..,-,..,1,..,1,..,1,..,2
Paulo Afonso (BA),..,-,..,-,..,-,..,-,..,-,..,-,..,-,..,-,..,-,..,-,..,-,..,-,..,-,..,-,..,-,..,-,..,-,..,-,..,-,..,-,..,-
Barra (BA),..,100,..,32,..,69,..,82,..,166,..,246,..,-,..,200,..,75,..,110,..,100,..,24,..,-,..,14,..,71,..,77,..,385,..,302,..,280,..,168,..,21
Bom Jesus da Lapa (BA),..,144,..,360,..,360,..,306,..,360,..,396,..,288,..,140,..,108,..,140,..,-,..,-,..,-,..,-,..,-,..,-,..,-,..,-,..,-,..,-,..,-
Senhor do Bonfim (BA),..,640,..,570,..,550,..,1200,..,1110,..,1030,..,1088,..,957,..,667,..,615,..,680,..,565,..,442,..,290,..,584,..,544,..,544,..,632,..,274,..,287,..,270
Irecê (BA),..,80,..,80,..,-,..,-,..,-,..,-,..,-,..,-,..,-,..,-,..,-,..,-,..,-,..,-,..,-,..,-,..,-,..,242,..,-,..,-,..,-
Jacobina (BA),..,1554,..,1454,..,1242,..,40,..,660,..,650,..,756,..,519,..,522,..,593,..,480,..,395,..,30,..,15,..,38,..,56,..,56,..,178,..,182,..,175,..,132
Itaberaba (BA),..,102,..,187,..,181,..,154,..,153,..,177,..,83,..,120,..,40,..,240,..,170,..,255,..,-,..,275,..,406,..,406,..,326,..,300,..,343,..,343,..,310
Feira de Santana (BA),..,1590,..,1820,..,3600,..,4128,..,2409,..,5162,..,7115,..,7179,..,6625,..,6764,..,8580,..,6878,..,154,..,86,..,114,..,94,..,94,..,11,..,31,..,35,..,31
Jeremoabo (BA),..,36,..,72,..,-,..,-,..,-,..,-,..,-,..,-,..,-,..,-,..,-,..,-,..,-,..,-,..,-,..,-,..,-,..,41,..,-,..,32,..,10
Euclides da Cunha (BA),..,234,..,88,..,54,..,74,..,63,..,86,..,94,..,363,..,310,..,229,..,243,..,148,..,-,..,45,..,80,..,80,..,-,..,1,..,4,..,50,..,50
Ribeira do Pombal (BA),..,-,..,-,..,-,..,-,..,-,..,-,..,-,..,-,..,-,..,-,..,-,..,-,..,-,..,-,..,-,..,-,..,-,..,-,..,-,..,-,..,-
Serrinha (BA),..,238,..,222,..,210,..,221,..,244,..,585,..,564,..,408,..,202,..,150,..,384,..,257,..,172,..,140,..,173,..,206,..,118,..,193,..,218,..,399,..,487
Alagoinhas (BA),..,800,..,480,..,480,..,400,..,400,..,408,..,324,..,388,..,392,..,152,..,240,..,240,..,250,..,70,..,204,..,225,..,1969,..,933,..,61,..,628,..,665
Entre Rios (BA),..,200,..,168,..,183,..,138,..,138,..,121,..,99,..,107,..,112,..,70,..,80,..,80,..,94,..,-,..,-,..,20,..,20,..,20,..,67,..,62,..,54
Catu (BA),..,364,..,300,..,240,..,240,..,240,..,192,..,233,..,200,..,240,..,100,..,200,..,226,..,-,..,-,..,-,..,-,..,-,..,-,..,-,..,13,..,13
Santo Antônio de Jesus (BA),..,6843,..,7775,..,8780,..,9413,..,9118,..,8213,..,7206,..,6694,..,6884,..,6930,..,6948,..,7122,..,5948,..,5656,..,5925,..,5911,..,5920,..,1719,..,1429,..,1586,..,1482
Salvador (BA),..,60,..,80,..,-,..,-,..,-,..,-,..,-,..,-,..,-,..,-,..,-,..,-,..,-,..,-,..,-,..,4,..,4,..,-,..,20,..,20,..,20
Boquira (BA),..,160,..,-,..,-,..,-,..,-,..,-,..,-,..,-,..,5,..,5,..,5,..,5,..,-,..,-,..,-,..,-,..,-,..,-,..,-,..,-,..,-
Seabra (BA),..,262,..,32,..,30,..,23,..,42,..,44,..,-,..,-,..,40,..,40,..,545,..,637,..,512,..,180,..,179,..,237,..,483,..,145,..,105,..,195,..,145
Jequié (BA),..,459,..,491,..,368,..,622,..,351,..,146,..,770,..,257,..,267,..,404,..,636,..,1343,..,491,..,947,..,763,..,955,..,749,..,527,..,361,..,490,..,244
Livramento do Brumado (BA),..,-,..,-,..,-,..,-,..,-,..,-,..,-,..,-,..,-,..,-,..,-,..,-,..,-,..,-,..,-,..,-,..,-,..,-,..,-,..,-,..,-
Guanambi (BA),..,-,..,-,..,-,..,-,..,-,..,-,..,-,..,-,..,-,..,-,..,-,..,-,..,-,..,-,..,-,..,-,..,-,..,-,..,-,..,-,..,-
Brumado (BA),..,-,..,-,..,-,..,-,..,-,..,-,..,-,..,-,..,-,..,-,..,-,..,-,..,-,..,-,..,-,..,-,..,-,..,-,..,-,..,-,..,-
Vitória da Conquista (BA),..,107,..,107,..,108,..,165,..,165,..,120,..,90,..,90,..,50,..,108,..,252,..,573,..,63,..,257,..,396,..,576,..,254,..,647,..,483,..,596,..,520
Itapetinga (BA),..,179,..,190,..,360,..,360,..,336,..,-,..,-,..,-,..,-,..,-,..,-,..,-,..,-,..,-,..,-,..,-,..,-,..,-,..,-,..,-,..,-
Valença (BA),..,-,..,-,..,-,..,-,..,-,..,-,..,-,..,-,..,-,..,-,..,-,..,-,..,-,..,-,..,16,..,16,..,16,..,11,..,10,..,14,..,14
Ilhéus-Itabuna (BA),..,1192,..,1083,..,831,..,528,..,689,..,626,..,542,..,606,..,362,..,296,..,246,..,208,..,281,..,316,..,-,..,-,..,-,..,-,..,-,..,-,..,-
Porto Seguro (BA),..,2148,..,1797,..,1402,..,3457,..,2519,..,10815,..,10286,..,11307,..,8807,..,4471,..,4500,..,1275,..,565,..,1095,..,3466,..,4055,..,4158,..,3594,..,3586,..,3056,..,3484
Unaí (MG),..,-,..,-,..,-,..,-,..,-,..,-,..,-,..,-,..,-,..,-,..,-,..,-,..,-,..,-,..,-,..,-,..,-,..,3355,..,3333,..,2733,..,3333
Paracatu (MG),..,-,..,-,..,-,..,-,..,-,..,-,..,-,..,-,..,-,..,-,..,-,..,-,..,-,..,-,..,-,..,-,..,1500,..,-,..,-,..,-,..,-
Januária (MG),..,-,..,-,..,-,..,-,..,200,..,260,..,260,..,260,..,265,..,288,..,120,..,65,..,320,..,1600,..,3000,..,6300,..,10000,..,19474,..,6805,..,4522,..,5105
Janaúba (MG),..,442,..,285,..,-,..,180,..,825,..,1054,..,1105,..,585,..,705,..,913,..,1065,..,829,..,710,..,1020,..,712,..,995,..,6807,..,1875,..,2140,..,5680,..,6621
Salinas (MG),..,88,..,74,..,34,..,36,..,131,..,122,..,91,..,80,..,90,..,90,..,56,..,102,..,4048,..,2658,..,3750,..,3000,..,2350,..,568,..,162,..,162,..,155
Pirapora (MG),..,-,..,486,..,468,..,360,..,75,..,80,..,45,..,15,..,15,..,15,..,-,..,770,..,1850,..,1040,..,240,..,30,..,30,..,-,..,20,..,1220,..,3180
Montes Claros (MG),..,55,..,22,..,22,..,100,..,100,..,100,..,100,..,-,..,-,..,-,..,-,..,-,..,-,..,2405,..,10,..,20,..,85,..,305,..,29,..,29,..,40
Grão Mogol (MG),..,-,..,-,..,-,..,-,..,-,..,-,..,-,..,-,..,-,..,-,..,-,..,-,..,-,..,-,..,-,..,80,..,80,..,-,..,-,..,-,..,-
Bocaiúva (MG),..,-,..,-,..,-,..,-,..,-,..,-,..,-,..,-,..,-,..,-,..,-,..,-,..,-,..,-,..,-,..,-,..,-,..,5,..,6,..,6,..,6
Diamantina (MG),..,-,..,-,..,-,..,-,..,-,..,-,..,-,..,-,..,-,..,-,..,-,..,-,..,-,..,30,..,-,..,60,..,60,..,6,..,8,..,68,..,70
Capelinha (MG),..,30,..,20,..,26,..,11,..,10,..,43,..,35,..,41,..,48,..,42,..,18,..,83,..,96,..,-,..,-,..,-,..,-,..,40,..,49,..,43,..,33
Araçuaí (MG),..,7,..,-,..,-,..,-,..,-,..,-,..,-,..,-,..,-,..,-,..,-,..,-,..,-,..,-,..,-,..,105,..,90,..,12,..,15,..,15,..,50
Pedra Azul (MG),..,65,..,50,..,25,..,22,..,24,..,24,..,24,..,24,..,24,..,24,..,24,..,90,..,90,..,2,..,-,..,-,..,-,..,5,..,5,..,5,..,-
Almenara (MG),..,34,..,18,..,-,..,-,..,-,..,-,..,-,..,-,..,-,..,-,..,-,..,-,..,-,..,-,..,-,..,-,..,-,..,4,..,5,..,5,..,70
Teófilo Otoni (MG),..,-,..,-,..,-,..,-,..,-,..,-,..,-,..,-,..,-,..,-,..,-,..,-,..,-,..,24,..,-,..,30,..,30,..,24,..,11,..,11,..,-
Nanuque (MG),..,-,..,-,..,-,..,-,..,-,..,-,..,-,..,-,..,-,..,-,..,-,..,-,..,27,..,-,..,-,..,-,..,10,..,-,..,10,..,10,..,10
Ituiutaba (MG),..,30,..,30,..,-,..,-,..,-,..,-,..,-,..,-,..,-,..,-,..,-,..,-,..,-,..,-,..,-,..,-,..,-,..,-,..,-,..,-,..,-
Uberlândia (MG),..,-,..,-,..,-,..,-,..,-,..,-,..,-,..,-,..,-,..,-,..,-,..,-,..,-,..,-,..,-,..,150,..,75,..,68,..,217,..,82,..,138
Patrocínio (MG),..,-,..,-,..,-,..,-,..,-,..,-,..,-,..,-,..,1725,..,788,..,16000,..,18457,..,6475,..,4370,..,3420,..,7200,..,6750,..,4450,..,8380,..,9280,..,11640
Patos de Minas (MG),..,92,..,290,..,312,..,-,..,975,..,1042,..,680,..,3000,..,2030,..,4950,..,4950,..,8100,..,5625,..,5125,..,4725,..,8475,..,12975,..,7630,..,2881,..,2960,..,3827
Frutal (MG),..,-,..,-,..,-,..,-,..,-,..,-,..,-,..,-,..,-,..,-,..,-,..,-,..,-,..,-,..,-,..,-,..,-,..,-,..,-,..,-,..,-
Uberaba (MG),..,1168,..,1040,..,-,..,-,..,-,..,-,..,-,..,-,..,-,..,-,..,-,..,-,..,-,..,-,..,-,..,-,..,-,..,12,..,14,..,14,..,75
Araxá (MG),..,-,..,-,..,-,..,-,..,40,..,40,..,18,..,18,..,18,..,18,..,40,..,80,..,80,..,80,..,380,..,995,..,300,..,5,..,565,..,1963,..,756
Três Marias (MG),..,-,..,-,..,-,..,-,..,-,..,-,..,-,..,-,..,-,..,-,..,-,..,-,..,-,..,-,..,-,..,-,..,-,..,-,..,-,..,50,..,50
Curvelo (MG),..,-,..,-,..,-,..,-,..,-,..,-,..,-,..,-,..,-,..,-,..,-,..,-,..,-,..,-,..,-,..,-,..,-,..,-,..,-,..,-,..,-
Bom Despacho (MG),..,-,..,-,..,-,..,-,..,-,..,-,..,-,..,-,..,-,..,-,..,-,..,-,..,-,..,-,..,-,..,-,..,-,..,11,..,-,..,-,..,-
Sete Lagoas (MG),..,-,..,-,..,-,..,-,..,26,..,-,..,30,..,28,..,-,..,-,..,-,..,-,..,-,..,-,..,-,..,-,..,-,..,-,..,86,..,339,..,1459
Conceição do Mato Dentro (MG),..,5,..,5,..,5,..,5,..,5,..,5,..,5,..,5,..,5,..,5,..,5,..,10,..,5,..,-,..,-,..,-,..,-,..,-,..,-,..,-,..,-
Pará de Minas (MG),..,-,..,-,..,-,..,-,..,26,..,26,..,26,..,30,..,30,..,30,..,30,..,30,..,30,..,-,..,-,..,-,..,45,..,240,..,20,..,20,..,-
Belo Horizonte (MG),..,414,..,322,..,360,..,14,..,1422,..,1428,..,1428,..,20,..,20,..,20,..,50,..,84,..,84,..,68,..,130,..,270,..,135,..,218,..,58,..,69,..,138
Itabira (MG),..,-,..,-,..,-,..,-,..,-,..,-,..,-,..,-,..,-,..,-,..,-,..,-,..,-,..,-,..,-,..,-,..,-,..,-,..,-,..,-,..,30
Itaguara (MG),..,4874,..,3835,..,3755,..,3109,..,3315,..,3181,..,3326,..,2033,..,1985,..,2015,..,3268,..,2840,..,2720,..,1340,..,1176,..,1155,..,2992,..,2526,..,3410,..,2960,..,3670
Ouro Preto (MG),..,-,..,-,..,-,..,-,..,-,..,-,..,-,..,-,..,-,..,-,..,-,..,-,..,-,..,-,..,-,..,-,..,-,..,5,..,6,..,6,..,6
Conselheiro Lafaiete (MG),..,29,..,29,..,-,..,-,..,-,..,-,..,-,..,-,..,180,..,180,..,1593,..,2800,..,2800,..,500,..,1880,..,820,..,1800,..,-,..,-,..,1780,..,3500
Guanhães (MG),..,10,..,10,..,-,..,30,..,30,..,26,..,26,..,26,..,26,..,26,..,26,..,26,..,26,..,-,..,-,..,-,..,-,..,3,..,5,..,5,..,855
Peçanha (MG),..,20,..,10,..,9,..,14,..,12,..,16,..,16,..,20,..,9,..,12,..,3,..,27,..,15,..,15,..,-,..,-,..,-,..,3,..,4,..,4,..,5
Governador Valadares (MG),..,-,..,-,..,-,..,36,..,150,..,330,..,320,..,320,..,320,..,320,..,320,..,350,..,171,..,116,..,125,..,156,..,30,..,74,..,30,..,47,..,92
Mantena (MG),..,-,..,-,..,-,..,-,..,-,..,-,..,-,..,-,..,-,..,-,..,-,..,-,..,-,..,-,..,-,..,-,..,-,..,-,..,-,..,-,..,-
Ipatinga (MG),..,-,..,-,..,-,..,-,..,-,..,-,..,-,..,-,..,-,..,-,..,-,..,-,..,-,..,-,..,-,..,-,..,-,..,-,..,-,..,-,..,-
Caratinga (MG),..,566,..,386,..,316,..,344,..,514,..,584,..,654,..,654,..,994,..,884,..,810,..,1152,..,1224,..,1080,..,795,..,889,..,942,..,890,..,954,..,769,..,1035
Aimorés (MG),..,98,..,94,..,86,..,162,..,190,..,235,..,332,..,376,..,433,..,470,..,483,..,519,..,547,..,501,..,504,..,520,..,332,..,360,..,-,..,-,..,-
Piuí (MG),..,-,..,-,..,-,..,-,..,-,..,-,..,-,..,-,..,-,..,-,..,-,..,-,..,-,..,-,..,-,..,-,..,-,..,480,..,540,..,180,..,28
Divinópolis (MG),..,15,..,15,..,15,..,-,..,15,..,60,..,15,..,-,..,-,..,-,..,-,..,-,..,-,..,-,..,-,..,-,..,-,..,3,..,5,..,5,..,15
Formiga (MG),..,-,..,-,..,-,..,-,..,-,..,-,..,-,..,-,..,-,..,-,..,-,..,-,..,-,..,-,..,-,..,-,..,-,..,11,..,2340,..,4875,..,4926
Campo Belo (MG),..,-,..,-,..,-,..,-,..,-,..,-,..,-,..,-,..,-,..,-,..,-,..,-,..,-,..,-,..,-,..,-,..,-,..,8,..,-,..,-,..,-
Oliveira (MG),..,-,..,-,..,-,..,-,..,4,..,40,..,4,..,40,..,204,..,240,..,240,..,240,..,240,..,-,..,-,..,105,..,105,..,12,..,27,..,27,..,14
Passos (MG),..,-,..,-,..,-,..,-,..,-,..,-,..,-,..,-,..,-,..,-,..,-,..,-,..,-,..,-,..,-,..,-,..,-,..,-,..,-,..,-,..,-
São Sebastião do Paraíso (MG),..,-,..,-,..,-,..,-,..,-,..,-,..,-,..,-,..,-,..,-,..,-,..,-,..,-,..,-,..,-,..,-,..,-,..,13,..,15,..,15,..,-
Alfenas (MG),..,120,..,120,..,-,..,-,..,760,..,846,..,692,..,640,..,532,..,480,..,480,..,480,..,480,..,192,..,126,..,786,..,788,..,561,..,587,..,1049,..,963
Varginha (MG),..,80,..,-,..,-,..,-,..,-,..,-,..,-,..,-,..,-,..,-,..,-,..,-,..,-,..,-,..,-,..,-,..,50,..,7,..,8,..,8,..,-
Poços de Caldas (MG),..,2220,..,4850,..,6005,..,5620,..,3656,..,4015,..,5765,..,6210,..,6136,..,5870,..,5370,..,6218,..,6458,..,5940,..,5040,..,5600,..,4750,..,1112,..,2579,..,6724,..,3162
Pouso Alegre (MG),..,226,..,224,..,139,..,147,..,387,..,347,..,390,..,150,..,150,..,150,..,430,..,830,..,830,..,440,..,225,..,650,..,650,..,814,..,638,..,985,..,1017
Santa Rita do Sapucaí (MG),..,108,..,36,..,36,..,18,..,18,..,18,..,-,..,-,..,-,..,-,..,-,..,-,..,-,..,-,..,-,..,108,..,422,..,1653,..,4862,..,3312,..,4531
São Lourenço (MG),..,-,..,-,..,-,..,-,..,-,..,-,..,-,..,-,..,-,..,-,..,-,..,-,..,-,..,-,..,-,..,30,..,-,..,-,..,-,..,-,..,-
Andrelândia (MG),..,-,..,-,..,-,..,-,..,-,..,-,..,-,..,-,..,-,..,-,..,-,..,-,..,-,..,-,..,-,..,-,..,-,..,7,..,288,..,298,..,280
Itajubá (MG),..,536,..,536,..,430,..,450,..,450,..,450,..,405,..,401,..,381,..,381,..,381,..,391,..,391,..,355,..,-,..,394,..,394,..,47,..,27,..,27,..,6
Lavras (MG),..,88,..,67,..,30,..,52,..,52,..,52,..,52,..,52,..,112,..,94,..,-,..,-,..,-,..,-,..,-,..,-,..,16,..,411,..,493,..,1606,..,2857
São João Del Rei (MG),..,7,..,7,..,9,..,-,..,-,..,-,..,-,..,-,..,-,..,-,..,1640,..,1640,..,1640,..,1640,..,3000,..,1800,..,3028,..,244,..,5585,..,4375,..,4075
Barbacena (MG),..,42,..,-,..,-,..,-,..,-,..,160,..,200,..,200,..,200,..,200,..,200,..,400,..,530,..,426,..,480,..,2001,..,1108,..,263,..,181,..,187,..,250
Ponte Nova (MG),..,-,..,-,..,-,..,-,..,-,..,-,..,-,..,-,..,-,..,-,..,-,..,-,..,-,..,-,..,-,..,-,..,-,..,20,..,-,..,-,..,-
Manhuaçu (MG),..,53,..,51,..,49,..,14,..,-,..,-,..,-,..,45,..,15,..,15,..,10,..,10,..,10,..,12,..,-,..,62,..,10,..,43,..,34,..,34,..,23
Viçosa (MG),..,16,..,7,..,-,..,-,..,-,..,-,..,-,..,-,..,-,..,-,..,-,..,-,..,-,..,-,..,-,..,-,..,-,..,-,..,-,..,-,..,-
Muriaé (MG),..,58,..,50,..,-,..,-,..,-,..,-,..,-,..,-,..,-,..,-,..,-,..,-,..,-,..,-,..,-,..,50,..,56,..,11,..,12,..,12,..,12
Ubá (MG),..,-,..,-,..,-,..,-,..,12,..,20,..,20,..,20,..,20,..,20,..,20,..,20,..,60,..,-,..,-,..,55,..,75,..,28,..,29,..,31,..,9
Juiz de Fora (MG),..,-,..,-,..,-,..,-,..,-,..,-,..,-,..,-,..,-,..,-,..,-,..,10,..,-,..,20,..,-,..,60,..,60,..,12,..,14,..,14,..,25
Cataguases (MG),..,80,..,60,..,17,..,-,..,-,..,-,..,-,..,-,..,-,..,-,..,-,..,-,..,-,..,-,..,-,..,-,..,-,..,-,..,-,..,-,..,-
Barra de São Francisco (ES),..,-,..,-,..,-,..,-,..,-,..,-,..,-,..,-,..,-,..,-,..,-,..,20,..,20,..,20,..,20,..,20,..,20,..,306,..,306,..,306,..,308
Nova Venécia (ES),..,-,..,-,..,-,..,-,..,-,..,-,..,-,..,-,..,-,..,-,..,-,..,-,..,-,..,-,..,-,..,-,..,-,..,-,..,-,..,-,..,-
Colatina (ES),..,-,..,-,..,-,..,-,..,-,..,-,..,-,..,-,..,-,..,-,..,-,..,-,..,-,..,-,..,-,..,-,..,-,..,-,..,-,..,-,..,84
Montanha (ES),..,-,..,-,..,-,..,-,..,-,..,-,..,-,..,-,..,-,..,-,..,-,..,-,..,-,..,-,..,-,..,12,..,24,..,48,..,48,..,75,..,78
São Mateus (ES),..,-,..,-,..,-,..,-,..,-,..,-,..,-,..,-,..,-,..,-,..,-,..,20,..,-,..,-,..,-,..,-,..,-,..,-,..,-,..,-,..,-
Linhares (ES),..,-,..,-,..,-,..,-,..,-,..,-,..,-,..,-,..,-,..,-,..,-,..,-,..,-,..,-,..,-,..,-,..,-,..,-,..,-,..,-,..,-
Afonso Cláudio (ES),..,400,..,400,..,400,..,400,..,400,..,280,..,320,..,36,..,36,..,36,..,100,..,225,..,225,..,1545,..,240,..,176,..,240,..,300,..,300,..,300,..,329
Santa Teresa (ES),..,4155,..,3885,..,1005,..,2870,..,3013,..,2580,..,3900,..,3900,..,3900,..,3900,..,3590,..,-,..,-,..,-,..,2240,..,3255,..,3360,..,4640,..,4640,..,5520,..,6903
Vitória (ES),..,200,..,190,..,46,..,46,..,46,..,36,..,-,..,-,..,-,..,-,..,-,..,-,..,-,..,-,..,-,..,-,..,-,..,-,..,-,..,40,..,40
Guarapari (ES),..,-,..,-,..,-,..,-,..,-,..,-,..,-,..,-,..,-,..,-,..,-,..,-,..,-,..,-,..,-,..,-,..,-,..,-,..,-,..,-,..,-
Alegre (ES),..,-,..,-,..,-,..,-,..,-,..,-,..,-,..,-,..,-,..,-,..,-,..,-,..,-,..,-,..,-,..,-,..,150,..,150,..,175,..,200,..,150
Cachoeiro de Itapemirim (ES),..,-,..,-,..,-,..,-,..,-,..,-,..,-,..,-,..,-,..,-,..,-,..,-,..,-,..,-,..,-,..,-,..,-,..,-,..,-,..,-,..,-
Itapemirim (ES),..,-,..,-,..,-,..,-,..,-,..,50,..,-,..,-,..,-,..,-,..,-,..,-,..,50,..,30,..,30,..,120,..,120,..,120,..,240,..,300,..,240
Itaperuna (RJ),..,-,..,-,..,-,..,-,..,-,..,-,..,-,..,-,..,-,..,-,..,-,..,-,..,-,..,-,..,-,..,15,..,15,..,-,..,13,..,-,..,-
Santo Antônio de Pádua (RJ),..,-,..,-,..,-,..,-,..,-,..,-,..,-,..,-,..,-,..,-,..,-,..,-,..,-,..,-,..,-,..,-,..,-,..,-,..,-,..,-,..,-
Campos dos Goytacazes (RJ),..,888,..,792,..,792,..,828,..,828,..,828,..,828,..,764,..,764,..,764,..,768,..,540,..,540,..,280,..,298,..,298,..,298,..,382,..,368,..,509,..,360
Macaé (RJ),..,-,..,-,..,30,..,30,..,30,..,30,..,30,..,30,..,30,..,60,..,60,..,60,..,120,..,88,..,22,..,33,..,44,..,22,..,46,..,46,..,46
Três Rios (RJ),..,-,..,-,..,-,..,-,..,-,..,-,..,-,..,-,..,-,..,-,..,-,..,-,..,-,..,-,..,-,..,-,..,-,..,-,..,-,..,-,..,-
Cantagalo-Cordeiro (RJ),..,260,..,260,..,260,..,260,..,260,..,260,..,-,..,-,..,-,..,-,..,-,..,-,..,-,..,-,..,-,..,-,..,-,..,-,..,-,..,-,..,-
Nova Friburgo (RJ),..,6403,..,6810,..,6774,..,6640,..,8193,..,9011,..,8875,..,8843,..,8875,..,6675,..,6675,..,7024,..,6504,..,6500,..,8690,..,6175,..,4355,..,4458,..,4240,..,3659,..,4623
Santa Maria Madalena (RJ),..,520,..,520,..,520,..,910,..,910,..,910,..,910,..,910,..,910,..,910,..,910,..,910,..,1274,..,1274,..,1294,..,858,..,719,..,637,..,1981,..,880,..,1215
Bacia de São João (RJ),..,-,..,-,..,-,..,-,..,-,..,-,..,-,..,-,..,-,..,-,..,-,..,-,..,-,..,-,..,-,..,-,..,-,..,-,..,-,..,-,..,-
Lagos (RJ),..,-,..,-,..,50,..,50,..,50,..,50,..,-,..,-,..,-,..,-,..,-,..,-,..,-,..,-,..,-,..,140,..,504,..,429,..,429,..,99,..,7
Vale do Paraíba Fluminense (RJ),..,-,..,-,..,-,..,-,..,-,..,-,..,-,..,-,..,-,..,-,..,-,..,-,..,-,..,-,..,18,..,-,..,-,..,-,..,-,..,-,..,-
Barra do Piraí (RJ),..,-,..,-,..,-,..,-,..,-,..,-,..,-,..,-,..,-,..,-,..,-,..,-,..,-,..,-,..,-,..,-,..,-,..,-,..,-,..,-,..,-
Baía da Ilha Grande (RJ),..,-,..,-,..,-,..,-,..,-,..,-,..,-,..,-,..,-,..,-,..,-,..,-,..,-,..,-,..,-,..,-,..,-,..,-,..,-,..,-,..,-
Vassouras (RJ),..,24,..,27,..,-,..,-,..,-,..,-,..,-,..,-,..,-,..,-,..,-,..,-,..,-,..,-,..,-,..,-,..,-,..,-,..,-,..,-,..,-
Serrana (RJ),..,-,..,-,..,320,..,320,..,320,..,1206,..,1206,..,1206,..,1206,..,1206,..,1206,..,1080,..,1347,..,800,..,-,..,66,..,66,..,66,..,-,..,-,..,-
Macacu-Caceribu (RJ),..,2576,..,560,..,1840,..,1700,..,1700,..,1700,..,1700,..,1700,..,1700,..,1099,..,1099,..,1099,..,1099,..,1099,..,800,..,846,..,846,..,846,..,2580,..,1338,..,1577
Itaguaí (RJ),..,270,..,560,..,328,..,200,..,94,..,94,..,74,..,74,..,57,..,37,..,-,..,-,..,-,..,-,..,-,..,-,..,-,..,-,..,-,..,-,..,-
Rio de Janeiro (RJ),..,7115,..,6327,..,6542,..,5953,..,5521,..,5471,..,5521,..,5521,..,5376,..,5376,..,5376,..,5376,..,5259,..,5361,..,1948,..,1644,..,1603,..,1529,..,1429,..,1352,..,3088
Jales (SP),..,-,..,-,..,-,..,-,..,-,..,-,..,-,..,-,..,-,..,-,..,-,..,-,..,-,..,-,..,-,..,30,..,12,..,138,..,210,..,198,..,-
Fernandópolis (SP),..,-,..,-,..,-,..,-,..,-,..,-,..,-,..,-,..,-,..,-,..,-,..,-,..,-,..,-,..,-,..,-,..,-,..,-,..,-,..,-,..,-
Votuporanga (SP),..,-,..,-,..,-,..,-,..,-,..,-,..,-,..,-,..,-,..,-,..,-,..,-,..,-,..,-,..,-,..,-,..,-,..,-,..,-,..,-,..,-
São José do Rio Preto (SP),..,-,..,-,..,-,..,-,..,-,..,-,..,-,..,-,..,-,..,-,..,-,..,-,..,-,..,-,..,-,..,1242,..,3429,..,1754,..,554,..,522,..,1820
Catanduva (SP),..,192,..,288,..,288,..,240,..,365,..,520,..,-,..,288,..,384,..,612,..,906,..,810,..,1236,..,2266,..,5751,..,5434,..,6799,..,7964,..,5251,..,4663,..,4561
Auriflama (SP),..,-,..,-,..,-,..,-,..,-,..,-,..,-,..,-,..,-,..,-,..,-,..,-,..,-,..,-,..,-,..,-,..,-,..,-,..,-,..,-,..,-
Nhandeara (SP),..,-,..,-,..,-,..,-,..,-,..,-,..,-,..,-,..,-,..,-,..,-,..,-,..,-,..,-,..,-,..,-,..,-,..,-,..,-,..,-,..,-
Novo Horizonte (SP),..,-,..,-,..,-,..,-,..,-,..,-,..,-,..,-,..,-,..,-,..,-,..,-,..,-,..,-,..,360,..,360,..,383,..,405,..,45,..,45,..,23
Barretos (SP),..,-,..,-,..,-,..,-,..,-,..,-,..,-,..,-,..,-,..,15,..,-,..,-,..,-,..,-,..,-,..,-,..,-,..,-,..,-,..,-,..,-
São Joaquim da Barra (SP),..,-,..,-,..,-,..,-,..,-,..,-,..,-,..,-,..,-,..,-,..,-,..,-,..,-,..,-,..,-,..,-,..,-,..,-,..,-,..,-,..,-
Ituverava (SP),..,-,..,-,..,-,..,-,..,-,..,-,..,-,..,-,..,-,..,-,..,-,..,-,..,-,..,-,..,-,..,-,..,-,..,-,..,-,..,-,..,-
Franca (SP),..,-,..,-,..,-,..,-,..,-,..,-,..,-,..,-,..,-,..,-,..,-,..,-,..,-,..,-,..,-,..,-,..,-,..,-,..,-,..,-,..,-
Jaboticabal (SP),..,600,..,576,..,432,..,432,..,280,..,1490,..,-,..,1575,..,1350,..,904,..,1269,..,970,..,973,..,973,..,1649,..,2056,..,2259,..,2510,..,2139,..,2214,..,3100
Ribeirão Preto (SP),..,-,..,-,..,-,..,-,..,-,..,-,..,-,..,-,..,-,..,-,..,-,..,-,..,-,..,-,..,-,..,-,..,-,..,-,..,-,..,-,..,-
Batatais (SP),..,-,..,-,..,-,..,-,..,-,..,-,..,-,..,-,..,-,..,-,..,-,..,-,..,-,..,-,..,-,..,-,..,-,..,-,..,-,..,-,..,-
Andradina (SP),..,-,..,-,..,-,..,-,..,-,..,-,..,-,..,-,..,-,..,-,..,-,..,-,..,-,..,-,..,-,..,838,..,288,..,300,..,324,..,-,..,-
Araçatuba (SP),..,-,..,-,..,-,..,-,..,-,..,-,..,-,..,-,..,-,..,-,..,-,..,-,..,-,..,-,..,-,..,-,..,-,..,-,..,-,..,-,..,-
Birigui (SP),..,-,..,-,..,-,..,-,..,360,..,558,..,770,..,3345,..,4696,..,3860,..,7075,..,10135,..,8078,..,17506,..,16082,..,30341,..,48701,..,48530,..,43219,..,43877,..,39481
Lins (SP),..,-,..,-,..,-,..,-,..,-,..,-,..,-,..,-,..,-,..,-,..,-,..,-,..,-,..,-,..,-,..,-,..,300,..,1989,..,2273,..,3824,..,4086
Bauru (SP),..,306,..,824,..,308,..,144,..,72,..,72,..,72,..,72,..,2376,..,2340,..,1655,..,1620,..,49,..,49,..,-,..,-,..,3024,..,788,..,832,..,832,..,1675
Jaú (SP),..,-,..,-,..,-,..,-,..,-,..,-,..,-,..,-,..,-,..,-,..,-,..,-,..,-,..,-,..,-,..,-,..,-,..,-,..,-,..,-,..,-
Avaré (SP),..,-,..,-,..,-,..,-,..,-,..,-,..,-,..,-,..,-,..,-,..,-,..,-,..,-,..,-,..,-,..,-,..,-,..,-,..,-,..,-,..,-
Botucatu (SP),..,-,..,-,..,-,..,-,..,1275,..,120,..,-,..,300,..,-,..,-,..,-,..,-,..,-,..,-,..,-,..,-,..,42,..,43,..,43,..,43,..,43
Araraquara (SP),..,-,..,-,..,-,..,-,..,-,..,-,..,-,..,-,..,-,..,-,..,-,..,-,..,-,..,-,..,-,..,212,..,116,..,336,..,373,..,3140,..,3548
São Carlos (SP),..,-,..,-,..,-,..,-,..,-,..,-,..,-,..,-,..,-,..,-,..,-,..,-,..,-,..,-,..,-,..,-,..,-,..,-,..,-,..,-,..,-
Rio Claro (SP),..,-,..,-,..,-,..,-,..,-,..,-,..,-,..,-,..,-,..,-,..,-,..,-,..,-,..,-,..,-,..,-,..,1440,..,950,..,-,..,-,..,-
Limeira (SP),..,-,..,-,..,-,..,-,..,-,..,-,..,-,..,-,..,-,..,-,..,-,..,-,..,-,..,-,..,-,..,-,..,-,..,-,..,-,..,-,..,-
Piracicaba (SP),..,497,..,1446,..,1410,..,1268,..,100,..,310,..,40,..,60,..,60,..,60,..,60,..,61,..,110,..,60,..,-,..,16,..,1104,..,1104,..,1104,..,1088,..,1088
Pirassununga (SP),..,-,..,-,..,-,..,-,..,-,..,-,..,-,..,-,..,-,..,-,..,-,..,-,..,-,..,-,..,-,..,-,..,-,..,-,..,-,..,-,..,-
São João da Boa Vista (SP),..,-,..,-,..,-,..,-,..,43,..,43,..,-,..,43,..,43,..,-,..,-,..,-,..,-,..,-,..,-,..,375,..,1665,..,1749,..,2976,..,1753,..,1800
Mogi Mirim (SP),..,-,..,-,..,152,..,672,..,19,..,-,..,-,..,-,..,-,..,-,..,-,..,-,..,-,..,247,..,360,..,607,..,605,..,608,..,630,..,517,..,517
Campinas (SP),..,134,..,172,..,134,..,134,..,473,..,96,..,660,..,660,..,2291,..,212,..,-,..,-,..,183,..,363,..,252,..,690,..,1328,..,1060,..,1611,..,1674,..,461
Amparo (SP),..,-,..,-,..,-,..,-,..,-,..,-,..,-,..,-,..,-,..,-,..,-,..,-,..,-,..,-,..,-,..,-,..,200,..,310,..,310,..,210,..,210
Dracena (SP),..,1212,..,1316,..,3657,..,4536,..,4752,..,2950,..,650,..,-,..,-,..,-,..,-,..,-,..,-,..,-,..,-,..,-,..,49,..,194,..,194,..,816,..,756
Adamantina (SP),..,564,..,240,..,624,..,480,..,150,..,-,..,-,..,-,..,-,..,-,..,-,..,-,..,3418,..,4950,..,3761,..,2426,..,3771,..,8558,..,3903,..,7016,..,6557
Presidente Prudente (SP),..,33332,..,43465,..,36686,..,32075,..,35195,..,32342,..,35693,..,36048,..,36014,..,33624,..,8532,..,28950,..,25088,..,33119,..,29953,..,27930,..,33863,..,27217,..,47676,..,47031,..,77289
Tupã (SP),..,-,..,-,..,-,..,-,..,-,..,-,..,-,..,-,..,-,..,-,..,-,..,-,..,150,..,-,..,840,..,2700,..,3240,..,3952,..,3052,..,-,..,15244
Marília (SP),..,144,..,60,..,24,..,540,..,-,..,-,..,-,..,60,..,60,..,-,..,-,..,-,..,39,..,29,..,409,..,577,..,267,..,718,..,598,..,466,..,158
Assis (SP),..,-,..,-,..,-,..,-,..,-,..,-,..,-,..,-,..,-,..,-,..,-,..,-,..,-,..,1940,..,4480,..,10480,..,14760,..,24414,..,6040,..,6166,..,5680
Ourinhos (SP),..,-,..,-,..,-,..,-,..,-,..,-,..,-,..,-,..,-,..,-,..,-,..,-,..,-,..,-,..,-,..,-,..,-,..,-,..,-,..,-,..,-
Itapeva (SP),..,-,..,-,..,-,..,-,..,-,..,-,..,-,..,-,..,-,..,-,..,-,..,-,..,-,..,124,..,996,..,4286,..,5246,..,6202,..,6202,..,6787,..,6787
Itapetininga (SP),..,-,..,-,..,-,..,-,..,-,..,-,..,-,..,-,..,-,..,-,..,-,..,-,..,-,..,-,..,-,..,-,..,-,..,-,..,-,..,-,..,-
Tatuí (SP),..,800,..,840,..,630,..,1050,..,1050,..,823,..,325,..,924,..,840,..,620,..,840,..,840,..,840,..,278,..,-,..,-,..,-,..,-,..,40,..,30,..,30
Capão Bonito (SP),..,-,..,-,..,-,..,-,..,-,..,-,..,-,..,-,..,-,..,-,..,18,..,-,..,-,..,134,..,544,..,1307,..,1345,..,2765,..,2765,..,2491,..,2497
Piedade (SP),..,5700,..,5950,..,6200,..,6000,..,6300,..,6615,..,4410,..,-,..,5469,..,2196,..,9282,..,95,..,60,..,8140,..,8140,..,20260,..,15100,..,15100,..,15100,..,4295,..,4300
Sorocaba (SP),..,-,..,-,..,-,..,336,..,346,..,346,..,-,..,21,..,-,..,221,..,220,..,19,..,-,..,-,..,101,..,146,..,116,..,116,..,251,..,150,..,161
Jundiaí (SP),..,-,..,-,..,-,..,-,..,-,..,-,..,-,..,-,..,-,..,-,..,-,..,-,..,-,..,-,..,-,..,-,..,-,..,-,..,-,..,-,..,-
Bragança Paulista (SP),..,430,..,430,..,100,..,100,..,100,..,100,..,-,..,100,..,-,..,-,..,-,..,-,..,20,..,20,..,26,..,30,..,30,..,30,..,40,..,46,..,46
Campos do Jordão (SP),..,-,..,-,..,-,..,-,..,-,..,-,..,-,..,-,..,-,..,-,..,-,..,-,..,900,..,900,..,900,..,792,..,806,..,792,..,792,..,262,..,350
São José dos Campos (SP),..,-,..,-,..,-,..,-,..,-,..,-,..,-,..,-,..,-,..,-,..,-,..,-,..,-,..,-,..,-,..,-,..,-,..,-,..,-,..,-,..,-
Guaratinguetá (SP),..,492,..,348,..,204,..,200,..,345,..,135,..,45,..,45,..,45,..,45,..,30,..,30,..,30,..,30,..,30,..,30,..,30,..,30,..,30,..,30,..,30
Bananal (SP),..,-,..,-,..,-,..,-,..,-,..,-,..,-,..,-,..,-,..,-,..,-,..,-,..,-,..,-,..,-,..,-,..,-,..,-,..,-,..,-,..,-
Paraibuna/Paraitinga (SP),..,-,..,-,..,-,..,-,..,-,..,-,..,-,..,48,..,-,..,-,..,-,..,-,..,-,..,-,..,41,..,40,..,-,..,10,..,-,..,-,..,-
Caraguatatuba (SP),..,-,..,...,..,...,..,...,..,...,..,...,..,...,..,...,..,...,..,...,..,...,..,...,..,-,..,-,..,...,..,-,..,-,..,-,..,-,..,-,..,-
Registro (SP),..,-,..,-,..,-,..,-,..,-,..,-,..,-,..,-,..,-,..,-,..,-,..,-,..,-,..,-,..,-,..,-,..,145,..,145,..,234,..,226,..,226
Itanhaém (SP),..,-,..,-,..,-,..,...,..,...,..,...,..,...,..,...,..,...,..,...,..,...,..,...,..,-,..,-,..,25,..,-,..,60,..,30,..,60,..,60,..,-
Osasco (SP),..,-,..,-,..,...,..,...,..,...,..,...,..,...,..,...,..,...,..,...,..,...,..,...,..,-,..,-,..,...,..,...,..,...,..,...,..,1,..,-,..,-
Franco da Rocha (SP),..,-,..,...,..,...,..,...,..,...,..,...,..,...,..,...,..,...,..,...,..,...,..,...,..,...,..,...,..,...,..,...,..,-,..,-,..,-,..,-,..,-
Guarulhos (SP),..,-,..,-,..,...,..,...,..,...,..,...,..,...,..,...,..,...,..,-,..,-,..,-,..,-,..,-,..,-,..,-,..,-,..,-,..,-,..,-,..,-
Itapecerica da Serra (SP),..,20,..,...,..,...,..,...,..,...,..,...,..,...,..,...,..,...,..,...,..,...,..,...,..,...,..,...,..,...,..,-,..,...,..,-,..,-,..,-,..,-
São Paulo (SP),..,288,..,...,..,...,..,...,..,...,..,...,..,...,..,...,..,...,..,...,..,...,..,...,..,...,..,-,..,-,..,-,..,-,..,-,..,-,..,-,..,-
Mogi das Cruzes (SP),..,1203,..,1203,..,1203,..,1707,..,1707,..,1707,..,1707,..,1707,..,1707,..,598,..,598,..,598,..,275,..,290,..,288,..,588,..,363,..,363,..,213,..,255,..,235
Santos (SP),..,-,..,...,..,...,..,...,..,...,..,...,..,...,..,...,..,...,..,-,..,...,..,...,..,...,..,...,..,...,..,-,..,...,..,...,..,-,..,-,..,...
Paranavaí (PR),..,39,..,17,..,13,..,12,..,86,..,59,..,37,..,13,..,40,..,40,..,68,..,100,..,335,..,135,..,932,..,1007,..,1036,..,1160,..,1217,..,280,..,-
Umuarama (PR),..,695,..,-,..,810,..,750,..,110,..,-,..,-,..,10,..,-,..,-,..,34,..,-,..,-,..,-,..,-,..,100,..,150,..,200,..,-,..,-,..,1281
Cianorte (PR),..,130,..,55,..,20,..,25,..,-,..,-,..,-,..,20,..,20,..,-,..,84,..,116,..,84,..,84,..,-,..,110,..,195,..,411,..,412,..,372,..,380
Goioerê (PR),..,193,..,-,..,-,..,-,..,-,..,-,..,-,..,-,..,-,..,40,..,-,..,234,..,40,..,-,..,80,..,100,..,148,..,80,..,85,..,15,..,56
Campo Mourão (PR),..,287,..,1683,..,143,..,341,..,324,..,291,..,209,..,197,..,138,..,163,..,738,..,875,..,698,..,498,..,537,..,959,..,958,..,1844,..,2460,..,1399,..,1234
Astorga (PR),..,67,..,7,..,6,..,370,..,884,..,1233,..,1043,..,993,..,33,..,48,..,53,..,223,..,243,..,144,..,187,..,117,..,166,..,358,..,506,..,683,..,715
Porecatu (PR),..,40,..,-,..,-,..,-,..,-,..,-,..,-,..,-,..,-,..,-,..,-,..,-,..,14,..,-,..,-,..,-,..,-,..,-,..,-,..,25,..,30
Floraí (PR),..,31,..,-,..,-,..,-,..,-,..,-,..,-,..,-,..,-,..,-,..,-,..,-,..,-,..,-,..,15,..,13,..,18,..,20,..,20,..,-,..,-
Maringá (PR),..,126,..,-,..,105,..,120,..,119,..,-,..,-,..,-,..,-,..,-,..,-,..,-,..,-,..,-,..,-,..,-,..,120,..,150,..,240,..,180,..,165
Apucarana (PR),..,-,..,-,..,-,..,-,..,-,..,-,..,-,..,-,..,-,..,-,..,-,..,-,..,925,..,925,..,1070,..,2880,..,2625,..,4645,..,1442,..,1434,..,1458
Londrina (PR),..,1490,..,100,..,1200,..,1280,..,4440,..,-,..,-,..,-,..,-,..,-,..,-,..,840,..,1470,..,1500,..,1500,..,1400,..,1500,..,6480,..,8000,..,9800,..,9550
Faxinal (PR),..,-,..,25,..,105,..,95,..,105,..,75,..,62,..,160,..,73,..,280,..,700,..,1178,..,969,..,1250,..,1032,..,500,..,525,..,631,..,757,..,518,..,684
Ivaiporã (PR),..,1015,..,1357,..,982,..,887,..,117,..,319,..,336,..,514,..,165,..,318,..,227,..,560,..,480,..,444,..,250,..,623,..,344,..,248,..,230,..,310,..,346
Assaí (PR),..,-,..,-,..,-,..,-,..,240,..,400,..,440,..,440,..,314,..,450,..,370,..,400,..,410,..,170,..,-,..,-,..,-,..,-,..,-,..,60,..,56
Cornélio Procópio (PR),..,-,..,-,..,-,..,-,..,-,..,-,..,-,..,-,..,-,..,20,..,-,..,-,..,-,..,-,..,-,..,20,..,20,..,-,..,-,..,-,..,-
Jacarezinho (PR),..,385,..,-,..,-,..,-,..,-,..,-,..,-,..,-,..,-,..,-,..,-,..,265,..,445,..,200,..,200,..,210,..,180,..,-,..,-,..,-,..,-
Ibaiti (PR),..,752,..,618,..,1063,..,1051,..,1230,..,30,..,1157,..,1155,..,1006,..,1212,..,820,..,675,..,530,..,570,..,-,..,570,..,450,..,450,..,415,..,407,..,455
Wenceslau Braz (PR),..,1018,..,-,..,939,..,1170,..,1150,..,-,..,-,..,-,..,-,..,-,..,-,..,700,..,1475,..,945,..,370,..,100,..,100,..,-,..,-,..,-,..,-
Telêmaco Borba (PR),..,-,..,-,..,-,..,-,..,-,..,-,..,-,..,-,..,-,..,-,..,-,..,-,..,-,..,-,..,-,..,-,..,-,..,-,..,-,..,-,..,-
Jaguariaíva (PR),..,-,..,-,..,-,..,-,..,-,..,-,..,-,..,-,..,-,..,-,..,-,..,-,..,-,..,-,..,-,..,-,..,-,..,-,..,-,..,-,..,-
Ponta Grossa (PR),..,-,..,-,..,-,..,-,..,-,..,-,..,-,..,-,..,-,..,-,..,-,..,-,..,-,..,-,..,-,..,-,..,-,..,-,..,32,..,32,..,15
Toledo (PR),..,1357,..,50,..,650,..,224,..,184,..,60,..,60,..,100,..,100,..,200,..,200,..,280,..,313,..,340,..,358,..,346,..,742,..,582,..,894,..,909,..,1040
Cascavel (PR),..,4766,..,186,..,6439,..,5814,..,6344,..,-,..,-,..,-,..,-,..,380,..,378,..,5373,..,5226,..,4950,..,4033,..,3895,..,3874,..,2358,..,1749,..,1098,..,1035
Foz do Iguaçu (PR),..,4196,..,3561,..,4175,..,4225,..,3615,..,3519,..,2840,..,2925,..,3275,..,2595,..,1954,..,1797,..,1580,..,1645,..,3110,..,2835,..,1591,..,1480,..,1204,..,1332,..,1930
Capanema (PR),..,8050,..,11694,..,6770,..,6896,..,6886,..,6896,..,6896,..,6896,..,230,..,390,..,400,..,310,..,310,..,-,..,-,..,-,..,-,..,-,..,-,..,-,..,-
Francisco Beltrão (PR),..,7478,..,9288,..,6796,..,6999,..,6548,..,7337,..,7848,..,7966,..,6359,..,8292,..,7986,..,5969,..,6154,..,6157,..,4846,..,5693,..,5726,..,5726,..,5726,..,6712,..,6738
Pato Branco (PR),..,246,..,180,..,231,..,247,..,242,..,262,..,274,..,257,..,249,..,280,..,271,..,358,..,419,..,439,..,498,..,361,..,465,..,546,..,564,..,579,..,634
Pitanga (PR),..,3591,..,3872,..,4031,..,3683,..,2892,..,39,..,2703,..,2826,..,2833,..,2280,..,2988,..,3032,..,188,..,924,..,305,..,90,..,800,..,930,..,884,..,810,..,564
Guarapuava (PR),..,11155,..,8958,..,10459,..,9622,..,8780,..,8596,..,7062,..,7282,..,7562,..,103,..,121,..,1255,..,5438,..,5841,..,570,..,4540,..,4463,..,4276,..,2395,..,1978,..,1202
Palmas (PR),..,168,..,181,..,192,..,206,..,208,..,230,..,165,..,231,..,249,..,258,..,307,..,340,..,312,..,335,..,392,..,398,..,427,..,437,..,413,..,446,..,526
Prudentópolis (PR),..,2183,..,2183,..,1838,..,2250,..,2130,..,2090,..,1980,..,2070,..,2090,..,-,..,-,..,-,..,-,..,-,..,-,..,-,..,-,..,-,..,-,..,-,..,-
Irati (PR),..,363,..,342,..,170,..,272,..,300,..,-,..,-,..,-,..,-,..,-,..,-,..,-,..,180,..,200,..,200,..,330,..,1870,..,1910,..,1910,..,1910,..,1910
União da Vitória (PR),..,1350,..,1202,..,1075,..,1138,..,1279,..,1279,..,900,..,1051,..,1201,..,1270,..,1353,..,1278,..,1344,..,1384,..,392,..,380,..,1210,..,1210,..,1080,..,1090,..,1120
São Mateus do Sul (PR),..,380,..,380,..,490,..,477,..,477,..,-,..,-,..,-,..,-,..,-,..,150,..,510,..,530,..,150,..,250,..,400,..,550,..,550,..,550,..,606,..,656
Cerro Azul (PR),..,667,..,716,..,695,..,628,..,675,..,638,..,662,..,557,..,559,..,606,..,-,..,-,..,-,..,-,..,545,..,300,..,-,..,200,..,285,..,240,..,300
Lapa (PR),..,65,..,65,..,65,..,44,..,60,..,48,..,25,..,-,..,-,..,-,..,-,..,-,..,-,..,-,..,-,..,-,..,-,..,-,..,-,..,-,..,-
Curitiba (PR),..,13229,..,14824,..,16002,..,11917,..,17428,..,13596,..,13536,..,14004,..,12213,..,11425,..,11934,..,15814,..,16202,..,950,..,18704,..,21440,..,24616,..,26066,..,26243,..,22791,..,21934
Paranaguá (PR),..,30,..,-,..,-,..,-,..,-,..,-,..,-,..,-,..,-,..,-,..,-,..,-,..,-,..,95,..,-,..,-,..,-,..,60,..,90,..,145,..,221
Rio Negro (PR),..,637,..,904,..,949,..,2234,..,1800,..,2110,..,1520,..,2360,..,1440,..,1743,..,1680,..,2620,..,850,..,560,..,1080,..,850,..,1150,..,1310,..,1680,..,1651,..,1520
São Miguel do Oeste (SC),..,-,..,-,..,-,..,-,..,-,..,-,..,-,..,-,..,-,..,75,..,-,..,-,..,600,..,600,..,2618,..,645,..,795,..,645,..,380,..,592,..,592
Chapecó (SC),..,50,..,-,..,-,..,300,..,1905,..,2083,..,3965,..,3765,..,3812,..,4845,..,2185,..,1300,..,630,..,582,..,242,..,277,..,285,..,297,..,367,..,395,..,395
Xanxerê (SC),..,60,..,12,..,-,..,222,..,202,..,202,..,502,..,3060,..,3060,..,300,..,344,..,397,..,360,..,361,..,361,..,416,..,332,..,216,..,256,..,220,..,193
Joaçaba (SC),..,-,..,-,..,-,..,-,..,-,..,-,..,-,..,-,..,-,..,-,..,-,..,-,..,-,..,-,..,-,..,-,..,-,..,-,..,-,..,-,..,-
Concórdia (SC),..,387,..,353,..,-,..,4455,..,4484,..,4083,..,4967,..,5512,..,3061,..,2805,..,3015,..,3735,..,2753,..,2767,..,2767,..,2902,..,2917,..,2767,..,1831,..,1833,..,1741
Canoinhas (SC),..,150,..,150,..,150,..,300,..,300,..,-,..,300,..,300,..,360,..,300,..,300,..,300,..,300,..,350,..,150,..,120,..,120,..,120,..,60,..,170,..,137
São Bento do Sul (SC),..,-,..,-,..,-,..,-,..,-,..,-,..,-,..,-,..,-,..,-,..,-,..,-,..,-,..,-,..,-,..,-,..,-,..,-,..,-,..,-,..,-
Joinville (SC),..,373,..,190,..,-,..,375,..,480,..,365,..,408,..,408,..,408,..,-,..,-,..,1200,..,-,..,-,..,-,..,-,..,-,..,-,..,-,..,-,..,-
Curitibanos (SC),..,-,..,-,..,-,..,-,..,-,..,-,..,-,..,-,..,-,..,-,..,-,..,-,..,-,..,-,..,-,..,-,..,-,..,-,..,-,..,-,..,-
Campos de Lages (SC),..,4,..,-,..,-,..,84,..,-,..,-,..,70,..,70,..,70,..,-,..,-,..,-,..,-,..,-,..,-,..,-,..,-,..,-,..,-,..,-,..,-
Rio do Sul (SC),..,10200,..,11585,..,12315,..,12665,..,12545,..,13120,..,12820,..,13265,..,13565,..,1860,..,12980,..,13055,..,13175,..,13435,..,12465,..,11749,..,12940,..,12640,..,3935,..,4113,..,3661
Blumenau (SC),..,1200,..,1156,..,90,..,659,..,648,..,659,..,648,..,738,..,648,..,545,..,545,..,555,..,385,..,645,..,695,..,695,..,752,..,580,..,481,..,832,..,792
Itajaí (SC),..,66,..,-,..,-,..,-,..,-,..,-,..,-,..,-,..,1250,..,-,..,-,..,30,..,-,..,-,..,-,..,-,..,-,..,-,..,-,..,82,..,82
Ituporanga (SC),..,2180,..,2810,..,4320,..,3925,..,3675,..,3950,..,3500,..,3865,..,3585,..,-,..,3485,..,3485,..,3510,..,3510,..,3510,..,3330,..,3250,..,3250,..,719,..,689,..,2130
Tijucas (SC),..,205,..,1640,..,750,..,2350,..,1500,..,1750,..,1750,..,1550,..,1550,..,-,..,750,..,750,..,750,..,750,..,750,..,750,..,890,..,801,..,40,..,60,..,99
Florianópolis (SC),..,8390,..,11200,..,11400,..,10911,..,10911,..,10911,..,10911,..,11755,..,9038,..,-,..,4422,..,4422,..,4422,..,5440,..,5440,..,7868,..,8243,..,8298,..,2812,..,4033,..,3615
Tabuleiro (SC),..,960,..,2176,..,1100,..,2300,..,2300,..,2300,..,2300,..,1400,..,1820,..,-,..,-,..,-,..,-,..,-,..,-,..,-,..,-,..,770,..,1000,..,924,..,924
Tubarão (SC),..,3281,..,3246,..,1050,..,3399,..,2488,..,2750,..,2050,..,2553,..,3452,..,2857,..,1575,..,1295,..,1151,..,1115,..,1189,..,1389,..,1314,..,1596,..,1719,..,1664,..,1709
Criciúma (SC),..,-,..,-,..,-,..,380,..,380,..,680,..,740,..,740,..,740,..,300,..,24,..,-,..,455,..,610,..,570,..,550,..,505,..,888,..,955,..,955,..,1200
Araranguá (SC),..,-,..,-,..,-,..,-,..,-,..,-,..,-,..,-,..,-,..,-,..,-,..,-,..,-,..,-,..,-,..,-,..,-,..,-,..,-,..,1185,..,2075
Santa Rosa (RS),..,5066,..,5033,..,5033,..,4559,..,4146,..,3856,..,3712,..,3712,..,3412,..,3588,..,3728,..,3168,..,2259,..,2763,..,2768,..,2768,..,2768,..,2768,..,2767,..,2771,..,2318
Três Passos (RS),..,4054,..,4006,..,3900,..,3748,..,3540,..,3524,..,3468,..,3428,..,3164,..,2654,..,3050,..,2745,..,2108,..,3670,..,3478,..,3579,..,3622,..,3267,..,3430,..,3334,..,3144
Frederico Westphalen (RS),..,8148,..,8313,..,8118,..,8063,..,7971,..,7812,..,8404,..,8404,..,8955,..,9067,..,9675,..,9032,..,8759,..,8683,..,6982,..,6640,..,6678,..,7124,..,6975,..,6236,..,5686
Erechim (RS),..,1654,..,1688,..,1829,..,1929,..,1945,..,1945,..,2274,..,2435,..,2976,..,2626,..,3492,..,3561,..,3116,..,3923,..,4037,..,4519,..,4603,..,5019,..,4957,..,4894,..,4065
Sananduva (RS),..,1100,..,2320,..,811,..,792,..,566,..,566,..,441,..,423,..,443,..,437,..,470,..,480,..,445,..,379,..,403,..,413,..,414,..,489,..,491,..,571,..,491
Cerro Largo (RS),..,4950,..,4519,..,4519,..,4429,..,3294,..,2644,..,2514,..,2514,..,2569,..,1715,..,2462,..,2447,..,1837,..,2344,..,2328,..,2278,..,2348,..,2348,..,2364,..,2344,..,2114
Santo Ângelo (RS),..,5696,..,4111,..,4110,..,4106,..,4110,..,3930,..,3475,..,2962,..,2868,..,2688,..,3363,..,3248,..,2603,..,3216,..,2826,..,2734,..,2773,..,2372,..,2094,..,2058,..,1954
Ijuí (RS),..,3478,..,3378,..,3011,..,3153,..,2883,..,2805,..,2648,..,2456,..,2291,..,2011,..,2356,..,2331,..,1775,..,2321,..,2387,..,2373,..,2721,..,2579,..,2290,..,2552,..,2022
Carazinho (RS),..,3190,..,2618,..,2404,..,2204,..,1990,..,1995,..,2160,..,2160,..,2179,..,2172,..,2379,..,2306,..,1973,..,1993,..,1706,..,1758,..,1809,..,1967,..,1568,..,1578,..,1606
Passo Fundo (RS),..,2630,..,3258,..,3053,..,2996,..,2699,..,2767,..,2576,..,2752,..,2756,..,3299,..,2965,..,2850,..,2436,..,2206,..,2176,..,2097,..,2007,..,2200,..,1790,..,1574,..,1627
Cruz Alta (RS),..,1385,..,1971,..,2212,..,2468,..,2222,..,2222,..,2882,..,2882,..,2581,..,2545,..,2631,..,2751,..,2514,..,2681,..,2681,..,1841,..,1841,..,1871,..,1871,..,1831,..,1539
Não-Me-Toque (RS),..,321,..,352,..,388,..,439,..,442,..,449,..,416,..,411,..,418,..,368,..,392,..,373,..,400,..,400,..,298,..,268,..,288,..,266,..,288,..,267,..,259
Soledade (RS),..,2380,..,1983,..,1953,..,2065,..,1940,..,1940,..,2041,..,2041,..,2027,..,2093,..,2026,..,2493,..,2058,..,2052,..,2172,..,2162,..,2131,..,2406,..,2501,..,2428,..,2492
Guaporé (RS),..,4917,..,5067,..,5259,..,5725,..,5446,..,5126,..,5931,..,6653,..,6657,..,6156,..,5394,..,4918,..,5087,..,5069,..,4965,..,4975,..,4645,..,4910,..,4872,..,3686,..,2896
Vacaria (RS),..,1004,..,1269,..,1004,..,758,..,558,..,558,..,284,..,266,..,296,..,288,..,329,..,277,..,373,..,333,..,343,..,323,..,311,..,354,..,347,..,256,..,240
Caxias do Sul (RS),..,2540,..,3745,..,3819,..,3819,..,4513,..,4103,..,5238,..,5364,..,5774,..,5574,..,5525,..,5800,..,5091,..,4972,..,5030,..,5135,..,5365,..,5009,..,5164,..,4478,..,3733
Santiago (RS),..,1598,..,1716,..,1744,..,1705,..,1539,..,1539,..,1686,..,1748,..,1787,..,1727,..,1680,..,1739,..,1194,..,1269,..,1267,..,1406,..,1411,..,1408,..,1417,..,1396,..,1088
Santa Maria (RS),..,7985,..,9765,..,8577,..,8136,..,8061,..,8173,..,4093,..,4102,..,4163,..,4027,..,3700,..,4273,..,3743,..,4583,..,3366,..,3159,..,2874,..,3125,..,3004,..,3074,..,2759
Restinga Seca (RS),..,6042,..,6064,..,5985,..,8280,..,3525,..,3475,..,1936,..,1936,..,2736,..,2706,..,2736,..,2755,..,2638,..,2906,..,2921,..,3001,..,2891,..,3197,..,3161,..,2911,..,2687
Santa Cruz do Sul (RS),..,13213,..,12147,..,12207,..,12902,..,12902,..,12902,..,22965,..,22965,..,23505,..,23145,..,23505,..,22775,..,20435,..,21440,..,17675,..,17669,..,17244,..,16557,..,16544,..,16060,..,12650
Lajeado-Estrela (RS),..,7541,..,8328,..,8692,..,8879,..,7988,..,7898,..,9182,..,9683,..,9439,..,9041,..,8146,..,7593,..,6549,..,7201,..,7128,..,7507,..,7682,..,8250,..,8078,..,7681,..,6019
Cachoeira do Sul (RS),..,3082,..,3132,..,3132,..,3132,..,3132,..,3132,..,3480,..,3480,..,3525,..,3525,..,3488,..,3505,..,3380,..,3455,..,4205,..,4485,..,4560,..,4500,..,4560,..,2129,..,1604
Montenegro (RS),..,3651,..,3847,..,3894,..,4028,..,4038,..,3900,..,5793,..,5799,..,5142,..,5521,..,5142,..,5242,..,5086,..,4920,..,4940,..,4742,..,4960,..,4849,..,4763,..,4218,..,3522
Gramado-Canela (RS),..,2830,..,2950,..,2940,..,3070,..,3306,..,3306,..,3822,..,3902,..,3501,..,2921,..,3153,..,3586,..,3637,..,3842,..,3797,..,3647,..,4171,..,4904,..,3831,..,3877,..,3696
São Jerônimo (RS),..,2519,..,2291,..,1731,..,3095,..,3095,..,3095,..,3845,..,3845,..,3035,..,2425,..,2715,..,2645,..,2406,..,3106,..,2907,..,3535,..,3707,..,4030,..,3020,..,4042,..,2210
Porto Alegre (RS),..,19045,..,21035,..,21005,..,21586,..,19678,..,16683,..,18183,..,18933,..,19226,..,19275,..,15510,..,21166,..,24950,..,24919,..,26018,..,28808,..,25665,..,37248,..,34416,..,36733,..,23216
Osório (RS),..,1338,..,1350,..,1367,..,1330,..,1314,..,1341,..,1340,..,1340,..,1290,..,1699,..,1817,..,1463,..,2295,..,2803,..,3394,..,4207,..,4339,..,5746,..,6696,..,7924,..,7557
Camaquã (RS),..,8632,..,9125,..,8362,..,11373,..,9017,..,8682,..,10676,..,10495,..,11782,..,12040,..,12502,..,13247,..,13685,..,16285,..,16470,..,17850,..,21000,..,24400,..,21296,..,24739,..,17298
Campanha Ocidental (RS),..,2349,..,2341,..,2389,..,2672,..,2621,..,3008,..,4653,..,5806,..,5637,..,5054,..,4702,..,5115,..,5350,..,5878,..,5049,..,3395,..,3330,..,3191,..,3578,..,3072,..,1513
Campanha Central (RS),..,-,..,-,..,-,..,-,..,-,..,-,..,-,..,-,..,-,..,-,..,40,..,640,..,990,..,1010,..,1394,..,1190,..,1190,..,1247,..,815,..,870,..,915
Campanha Meridional (RS),..,58,..,58,..,101,..,36,..,36,..,36,..,36,..,36,..,36,..,36,..,36,..,36,..,-,..,-,..,-,..,-,..,-,..,-,..,-,..,-,..,-
Serras de Sudeste (RS),..,2125,..,2120,..,1752,..,1966,..,1921,..,1886,..,1787,..,1891,..,1928,..,2091,..,2091,..,2091,..,2240,..,2240,..,2240,..,4095,..,4115,..,4067,..,3365,..,3575,..,1891
Pelotas (RS),..,17364,..,18143,..,17731,..,19428,..,16160,..,16374,..,12610,..,13400,..,14191,..,13675,..,12045,..,12590,..,11517,..,12502,..,12991,..,12891,..,13491,..,13631,..,11884,..,11212,..,8095
Jaguarão (RS),..,500,..,160,..,195,..,375,..,460,..,460,..,610,..,610,..,690,..,690,..,600,..,630,..,425,..,490,..,490,..,430,..,430,..,490,..,383,..,240,..,219
Litoral Lagunar (RS),..,404,..,404,..,404,..,404,..,372,..,372,..,166,..,166,..,166,..,366,..,226,..,356,..,416,..,500,..,470,..,470,..,470,..,410,..,480,..,430,..,480
Baixo Pantanal (MS),..,-,..,-,..,-,..,-,..,-,..,-,..,-,..,-,..,-,..,-,..,-,..,-,..,-,..,-,..,-,..,-,..,-,..,-,..,-,..,-,..,15
Aquidauana (MS),..,-,..,-,..,-,..,-,..,-,..,-,..,-,..,-,..,-,..,-,..,-,..,-,..,-,..,-,..,-,..,-,..,-,..,-,..,-,..,-,..,-
Alto Taquari (MS),..,-,..,-,..,-,..,-,..,-,..,-,..,-,..,-,..,-,..,-,..,-,..,-,..,-,..,-,..,-,..,-,..,-,..,-,..,-,..,-,..,-
Campo Grande (MS),..,160,..,486,..,405,..,366,..,510,..,198,..,90,..,196,..,-,..,-,..,-,..,-,..,-,..,-,..,-,..,-,..,1250,..,1400,..,1950,..,775,..,858
Cassilândia (MS),..,-,..,-,..,-,..,-,..,-,..,-,..,-,..,-,..,-,..,-,..,-,..,-,..,-,..,-,..,-,..,-,..,-,..,-,..,-,..,-,..,-
Paranaíba (MS),..,-,..,-,..,-,..,-,..,-,..,-,..,-,..,-,..,-,..,-,..,-,..,-,..,-,..,-,..,-,..,-,..,-,..,-,..,-,..,45,..,45
Três Lagoas (MS),..,-,..,-,..,-,..,-,..,-,..,-,..,-,..,-,..,-,..,-,..,-,..,-,..,-,..,-,..,-,..,-,..,-,..,-,..,-,..,-,..,-
Nova Andradina (MS),..,-,..,-,..,-,..,-,..,-,..,-,..,-,..,-,..,-,..,-,..,-,..,-,..,-,..,-,..,-,..,-,..,-,..,-,..,-,..,-,..,-
Bodoquena (MS),..,-,..,-,..,-,..,-,..,-,..,-,..,-,..,-,..,-,..,-,..,-,..,-,..,-,..,-,..,-,..,-,..,2020,..,1400,..,850,..,121,..,97
Dourados (MS),..,-,..,-,..,-,..,-,..,-,..,-,..,-,..,-,..,-,..,-,..,-,..,-,..,-,..,-,..,-,..,-,..,-,..,53,..,20,..,-,..,80
Iguatemi (MS),..,-,..,-,..,-,..,-,..,-,..,-,..,-,..,-,..,-,..,-,..,-,..,-,..,-,..,-,..,-,..,-,..,-,..,270,..,270,..,1524,..,435
Aripuanã (MT),..,-,..,-,..,-,..,-,..,-,..,-,..,-,..,-,..,-,..,-,..,-,..,-,..,334,..,84,..,380,..,458,..,490,..,295,..,609,..,633,..,638
Alta Floresta (MT),..,-,..,-,..,-,..,-,..,-,..,-,..,-,..,-,..,-,..,-,..,-,..,-,..,-,..,-,..,-,..,-,..,-,..,1440,..,30,..,-,..,-
Colíder (MT),..,-,..,-,..,-,..,-,..,-,..,-,..,-,..,18,..,-,..,-,..,-,..,-,..,-,..,-,..,-,..,-,..,-,..,-,..,-,..,-,..,-
Parecis (MT),..,-,..,-,..,-,..,-,..,-,..,-,..,-,..,-,..,-,..,-,..,-,..,-,..,-,..,-,..,-,..,120,..,120,..,120,..,150,..,60,..,116
Arinos (MT),..,-,..,-,..,-,..,-,..,-,..,-,..,-,..,-,..,-,..,-,..,-,..,800,..,1400,..,800,..,1400,..,50,..,50,..,-,..,-,..,-,..,-
Alto Teles Pires (MT),..,-,..,-,..,-,..,-,..,-,..,-,..,-,..,-,..,-,..,-,..,1400,..,4550,..,3500,..,5475,..,6300,..,2400,..,-,..,2400,..,1800,..,400,..,210
Sinop (MT),..,-,..,-,..,-,..,-,..,-,..,-,..,-,..,-,..,-,..,-,..,-,..,-,..,-,..,-,..,675,..,675,..,1550,..,525,..,150,..,175,..,320
Paranatinga (MT),..,-,..,-,..,-,..,-,..,-,..,-,..,-,..,-,..,-,..,-,..,-,..,-,..,-,..,-,..,-,..,-,..,-,..,-,..,-,..,-,..,-
Norte Araguaia (MT),..,-,..,-,..,-,..,-,..,-,..,-,..,-,..,-,..,-,..,-,..,-,..,-,..,-,..,-,..,-,..,-,..,-,..,-,..,-,..,-,..,-
Canarana (MT),..,-,..,-,..,-,..,-,..,-,..,-,..,-,..,-,..,-,..,-,..,-,..,-,..,-,..,-,..,-,..,-,..,-,..,-,..,-,..,-,..,-
Médio Araguaia (MT),..,-,..,-,..,-,..,-,..,-,..,-,..,-,..,-,..,-,..,-,..,-,..,-,..,-,..,-,..,-,..,-,..,-,..,-,..,-,..,-,..,-
Alto Guaporé (MT),..,-,..,-,..,-,..,-,..,-,..,-,..,-,..,-,..,-,..,-,..,-,..,-,..,-,..,-,..,-,..,-,..,-,..,-,..,-,..,-,..,-
Tangará da Serra (MT),..,-,..,-,..,-,..,-,..,-,..,-,..,-,..,-,..,-,..,-,..,-,..,1000,..,1200,..,2112,..,3180,..,5650,..,5650,..,5150,..,6125,..,2525,..,1925
Jauru (MT),..,-,..,-,..,-,..,-,..,-,..,-,..,-,..,-,..,-,..,-,..,-,..,-,..,-,..,-,..,-,..,-,..,-,..,-,..,-,..,-,..,-
Alto Paraguai (MT),..,-,..,-,..,-,..,-,..,-,..,-,..,-,..,-,..,-,..,-,..,-,..,-,..,-,..,104,..,1059,..,1774,..,1390,..,610,..,170,..,90,..,90
Rosário Oeste (MT),..,-,..,-,..,-,..,-,..,-,..,-,..,-,..,-,..,-,..,-,..,-,..,-,..,-,..,-,..,-,..,-,..,-,..,-,..,-,..,-,..,-
Cuiabá (MT),..,-,..,-,..,-,..,-,..,-,..,-,..,-,..,-,..,-,..,-,..,-,..,-,..,-,..,-,..,-,..,-,..,-,..,-,..,-,..,-,..,-
Alto Pantanal (MT),..,-,..,-,..,-,..,-,..,-,..,-,..,-,..,-,..,-,..,-,..,-,..,-,..,-,..,-,..,-,..,-,..,-,..,-,..,-,..,-,..,30
Primavera do Leste (MT),..,44,..,45,..,112,..,270,..,210,..,180,..,180,..,260,..,184,..,-,..,80,..,160,..,-,..,-,..,-,..,125,..,-,..,-,..,-,..,-,..,-
Tesouro (MT),..,-,..,22,..,-,..,-,..,-,..,-,..,-,..,-,..,-,..,-,..,-,..,-,..,-,..,-,..,-,..,-,..,-,..,-,..,-,..,-,..,-
Rondonópolis (MT),..,-,..,-,..,-,..,-,..,-,..,-,..,-,..,-,..,-,..,-,..,-,..,-,..,-,..,-,..,-,..,-,..,-,..,-,..,-,..,-,..,-
Alto Araguaia (MT),..,-,..,-,..,-,..,-,..,-,..,-,..,-,..,-,..,-,..,-,..,-,..,-,..,-,..,-,..,-,..,-,..,-,..,-,..,-,..,-,..,-
São Miguel do Araguaia (GO),..,-,..,-,..,-,..,-,..,-,..,-,..,-,..,-,..,-,..,-,..,-,..,-,..,-,..,-,..,-,..,-,..,-,..,-,..,-,..,-,..,-
Rio Vermelho (GO),..,-,..,-,..,-,..,-,..,-,..,-,..,-,..,-,..,-,..,-,..,-,..,-,..,-,..,-,..,-,..,-,..,-,..,-,..,-,..,-,..,-
Aragarças (GO),..,-,..,-,..,-,..,-,..,-,..,-,..,-,..,-,..,-,..,-,..,-,..,-,..,-,..,-,..,-,..,-,..,-,..,-,..,-,..,-,..,-
Porangatu (GO),..,-,..,-,..,-,..,-,..,-,..,-,..,-,..,-,..,-,..,-,..,-,..,-,..,-,..,-,..,-,..,-,..,-,..,-,..,-,..,-,..,-
Chapada dos Veadeiros (GO),..,-,..,-,..,-,..,-,..,-,..,-,..,-,..,-,..,-,..,-,..,-,..,-,..,-,..,-,..,-,..,-,..,-,..,-,..,-,..,-,..,-
Ceres (GO),..,-,..,-,..,-,..,-,..,-,..,-,..,-,..,-,..,-,..,-,..,-,..,-,..,-,..,-,..,-,..,-,..,-,..,-,..,-,..,-,..,-
Anápolis (GO),..,-,..,-,..,-,..,-,..,-,..,-,..,-,..,-,..,-,..,-,..,-,..,-,..,-,..,-,..,-,..,-,..,-,..,-,..,-,..,-,..,-
Iporá (GO),..,-,..,-,..,-,..,-,..,-,..,-,..,-,..,-,..,-,..,-,..,-,..,-,..,-,..,-,..,-,..,-,..,-,..,-,..,-,..,-,..,-
Anicuns (GO),..,-,..,-,..,-,..,-,..,-,..,-,..,-,..,-,..,-,..,-,..,-,..,-,..,-,..,-,..,-,..,-,..,-,..,-,..,-,..,-,..,-
Goiânia (GO),..,480,..,360,..,250,..,300,..,300,..,300,..,330,..,302,..,220,..,220,..,192,..,-,..,-,..,-,..,-,..,-,..,-,..,-,..,-,..,-,..,-
Vão do Paranã (GO),..,-,..,-,..,-,..,-,..,-,..,-,..,-,..,-,..,-,..,-,..,-,..,-,..,-,..,-,..,-,..,-,..,-,..,-,..,-,..,-,..,-
Entorno de Brasília (GO),..,-,..,-,..,-,..,-,..,-,..,-,..,-,..,-,..,-,..,-,..,-,..,-,..,-,..,-,..,-,..,3600,..,3258,..,-,..,-,..,-,..,-
Sudoeste de Goiás (GO),..,-,..,-,..,-,..,-,..,-,..,-,..,-,..,-,..,-,..,-,..,-,..,-,..,-,..,-,..,-,..,-,..,-,..,-,..,-,..,-,..,-
Vale do Rio dos Bois (GO),..,-,..,-,..,-,..,-,..,-,..,-,..,-,..,-,..,-,..,-,..,-,..,-,..,-,..,-,..,-,..,-,..,-,..,-,..,-,..,-,..,-
Meia Ponte (GO),..,-,..,-,..,-,..,-,..,-,..,-,..,-,..,-,..,-,..,-,..,-,..,-,..,-,..,-,..,-,..,-,..,-,..,-,..,-,..,-,..,-
Pires do Rio (GO),..,-,..,-,..,-,..,-,..,-,..,325,..,330,..,300,..,-,..,-,..,-,..,-,..,-,..,-,..,-,..,-,..,-,..,-,..,-,..,-,..,-
Catalão (GO),..,-,..,-,..,-,..,-,..,-,..,-,..,-,..,-,..,-,..,-,..,-,..,-,..,-,..,-,..,-,..,-,..,-,..,-,..,-,..,-,..,-
Quirinópolis (GO),..,-,..,-,..,-,..,-,..,-,..,-,..,-,..,-,..,-,..,-,..,-,..,-,..,-,..,-,..,-,..,-,..,-,..,-,..,-,..,-,..,-
Brasília (DF),..,3631,..,3445,..,3113,..,2433,..,1967,..,1539,..,1462,..,1725,..,1304,..,1237,..,1084,..,754,..,1626,..,1483,..,2642,..,4420,..,4182,..,10245,..,4250,..,4250,..,4250
Fonte: IBGE - Produção Agrícola Municipal,,,,,,,,,,,,,,,,,,,,,,,,,,,,,,,,,,,,,,,,,,
